buildingnumber,n_samples,residual_std,residual_cv,residual_uncertainty,qrf_mean_interval,qrf_uncertainty,ngb_mean_std,ngb_uncertainty,rank_std,n_models,model_disagreement,combined_uncertainty,confidence_tier,buildingname,grossarea,utility
18,5164,1.4404547772562155e-07,,0.020723868424519867,1.2430485437112744e-08,0.04136470852840171,0.0002709335579463371,0.00030655440974505045,9.549869109050658,5,0.06477252173812945,0.03603607734235698,High,Campbell Hall (0018),115368,ELECTRICITY
272,5164,2.272787263335571e-06,0.03340313291948181,0.02439163374413423,2.3677933397195466e-05,0.03116327421188446,0.00026943942244589555,0.00043041577181307885,12.872451204024818,5,0.09122546332822931,0.042540510040452145,High,Morrill Tower (0272),322612,ELECTRICITY
254,5164,5.5422896065421155e-06,0.06067786780332014,0.030709876572488103,3.857533866375749e-05,0.03924262161555291,0.00026943942244589555,0.000308141367282976,13.255187663703596,5,0.09427264317898423,0.04735163253442238,High,Blackwell Inn (0254),127992,ELECTRICITY
882,5164,5.0031780697129233e-05,0.1034282570030516,0.09683662613734202,7.51122608097379e-05,0.010216907211719655,0.00029870546288468037,2.579950737343584e-05,11.77709641634983,5,0.08250472885408894,0.056360503226465214,High,Morehouse Medical Plaza - Concourse (0882),41461,ELECTRICITY
279,5156,9.956437791677321e-06,0.05703067947123549,0.035424444526835956,2.122315214202958e-05,0.006534864005158466,0.00026943942244589555,0.00013762021163794518,19.892209530366404,5,0.14711370075183322,0.05641580261663606,High,Dreese Laboratories (0279),185430,ELECTRICITY
190,5164,1.4404547772562155e-07,,0.020723868424519867,1.2430485437112744e-08,0.04136470852840171,0.0002709335579463371,0.00030655440974505045,18.676188047886004,5,0.13743227096955093,0.05783400211178343,High,Morrison Tower (0190),111504,ELECTRICITY
180,5164,3.8514563318586965e-05,0.10071480168002257,0.07462805008656023,5.834108926731402e-05,0.009921801055687074,0.00028903848357088953,4.254494905435581e-05,16.37986568931504,5,0.11914995935557998,0.06062023483892199,High,Goss Laboratory (0180),67943,ELECTRICITY
267,5164,4.544383641801686e-06,0.05691438170121438,0.02862178438490232,3.635513689121049e-05,0.04282793989088269,0.00026943942244589555,0.00035954379378707625,18.796276226955168,5,0.13838836038909702,0.06086395997398854,High,Jones Tower (0267),155353,ELECTRICITY
249,5164,7.6355282917335e-06,0.05682704755526184,0.03359610845839418,6.041438443934885e-05,0.0422100662963213,0.00026943942244589555,0.00019379685395080217,19.424211695716252,5,0.14338770722317973,0.06367673080664513,High,Fisher Hall (0249),132056,ELECTRICITY
106,5164,5.1695821199875435e-06,0.08253822888091061,0.02972176578347919,3.4469494624015016e-05,0.05315649761121254,0.00026943942244589555,0.0004718109305476011,19.144189719076646,5,0.14115829504305738,0.06462391429034625,High,Sullivant Hall (0106),135883,ELECTRICITY
276,5164,6.001050254951076e-06,0.03316073561459199,0.030261066938517725,2.150210284669822e-05,0.006254204130716942,0.00026943942244589555,0.00013128278715108269,24.1039415863879,5,0.18064566441335242,0.06485526285631295,High,Biological Sciences Building (0276),180694,ELECTRICITY
372,5164,5.64233504684651e-06,0.028928026565733664,0.028864612541683342,1.5121392611246963e-05,0.001766435427374454,0.00026943942244589555,0.00011827323884329784,26.842131062939096,5,0.20244592824893964,0.06985251207985702,High,Brain and Spine Hospital (0372),258797,ELECTRICITY
295,5164,2.5738028075703495e-05,0.09245231913006208,0.06099287654098606,5.734917776083884e-05,0.01573018521373695,0.0002753165968107977,7.076520752012106e-05,22.027255843613386,5,0.16411200321722938,0.0714746250120269,High,Howlett Hall (0295),62825,ELECTRICITY
17,5164,3.943724077599927e-06,0.04448622263849937,0.02728203063752419,5.776249895385609e-05,0.06415922865744342,0.00026943942244589555,0.00031897331106953613,21.194338866782328,5,0.15748068350632066,0.07151646740417475,High,Knowlton Hall (0017),174422,ELECTRICITY
10,5164,7.868292120687831e-06,0.040605507555679037,0.034094721969769946,2.584187002090128e-05,0.0078349841246534,0.00026943942244589555,0.0001193721158808334,26.640195194480086,5,0.20083820341909348,0.0724565294652045,High,Biological Sciences Greenhouses (0010),35173,ELECTRICITY
1583,5164,2.1729402706830066e-05,0.1640829369459695,0.0598643381782107,5.589285928181349e-05,0.03921315460955383,0.00026943942244589555,0.0001973436808001594,21.858636736997116,5,0.162769531834794,0.0766230512084099,High,Kunz-Brundige Extension Building (1583),10495,ELECTRICITY
99,5164,4.740623987266954e-06,0.06835105693718224,0.02880905706682406,2.58205364924062e-05,0.03380334669843937,0.00026943942244589555,0.00042132112243247963,26.733873643750172,5,0.20158403015142348,0.07763196100844899,High,Siebert Hall (0099),85851,ELECTRICITY
226,5164,7.913575214548722e-06,0.1118030331713921,0.03446480483259605,3.945820122902583e-05,0.05393049216602311,0.00026943942244589555,0.0004118573698676289,24.351591323771842,5,0.1826173430207013,0.07866904600297514,High,"Kinnear Rd, 930 - Storage (0226)",13973,ELECTRICITY
160,5164,9.078047671180448e-06,0.1397363250040352,0.03548159135989634,4.3002313256658886e-05,0.0652840486030873,0.00026943942244589555,0.0004531098716167931,23.20991167583367,5,0.17352779032396073,0.07909179313667147,High,Student Academic Services (0160),137002,ELECTRICITY
958,5164,8.604874145308239e-07,0.5450399205126345,0.025253117822313854,1.1341483624084477e-06,0.07129903789211096,0.0002709335579463371,0.020693102673958866,23.98958107179031,5,0.1797351761465795,0.08242521306478959,High,Waterman - North Storage Shed 1 (0958),3667,ELECTRICITY
386,5164,5.131692646466927e-06,0.051063202854416595,0.02884426607592605,6.446176340748883e-05,0.06305653895306351,0.00026943942244589555,0.000275602928432264,26.20496136230695,5,0.19737306251018213,0.08367067375336318,High,Wexner Center for the Arts (0386),131071,ELECTRICITY
921,5164,5.392453342523163e-06,0.0786254014367954,0.029697780841109245,4.585795097468526e-05,0.06601370712535307,0.00026943942244589555,0.0004266206866491485,26.090228055729984,5,0.19645960623714967,0.08441463600781332,High,"Ackerman Rd, 700 (0921)",115562,ELECTRICITY
24,5164,4.291275283660212e-06,0.035082943990775474,0.027795178018023222,2.7731924252493698e-05,0.01798208086802016,0.00026943942244589555,0.00021770359551588815,32.95906552073344,5,0.25114627794602107,0.08821061254554573,High,Postle Hall (0024),394592,ELECTRICITY
41,5164,2.824184672971553e-06,0.04804402360215144,0.02499841886701506,4.010924089915134e-05,0.06750122515297537,0.00026943942244589555,0.000505912054105526,28.647862049374645,5,0.21682236649673092,0.08949742870548347,High,Lazenby Hall (0041),69893,ELECTRICITY
186,5164,1.4404547772562155e-07,,0.020723868424519867,1.2430485437112744e-08,0.04136470852840171,0.0002709335579463371,0.00030655440974505045,32.12864765283469,5,0.24453485504449848,0.0899647773342677,High,Norton House (0186),35831,ELECTRICITY
250,5164,8.460071240141092e-06,0.10147159828709423,0.0350798417232178,6.39345798311799e-05,0.07668746296818602,0.00026943942244589555,0.00034225901689765,27.790286072654954,5,0.20999472264240646,0.09274557390426844,High,Gerlach Hall (0250),69508,ELECTRICITY
230,5164,0.0001545532019262872,0.1219216160326899,0.3075786216505457,0.00023004663384520996,0.013064539904047316,0.0005126034561072754,0.0,1.4142135623730951,5,0.0,0.09553972147117555,High,Field Hockey and Outdoor Tennis Office (0230),938,ELECTRICITY
3,5164,8.564510169677496e-06,0.11032998469187574,0.035538615021236494,5.3584114635778335e-05,0.0683662521304579,0.00026943942244589555,0.00037122430494795623,30.654526582545685,5,0.2327985495283533,0.09764839604323361,High,Agricultural Administration (0003),99238,ELECTRICITY
191,5164,1.2205523172196624e-05,0.12050325370471597,0.04190958300098896,6.440761538110978e-05,0.062453967342429265,0.00026943942244589555,0.00027306824558344655,31.069277429641005,5,0.23610061389246717,0.09905751114048168,High,4-H Center (0191),45239,ELECTRICITY
1110,5164,5.255224656176702e-06,0.07521833097437597,0.029946847912653972,4.76028868615762e-05,0.06739457120974125,0.00026943942244589555,0.00041789314350617864,33.03331651530013,5,0.25173743180351354,0.1014166106888115,High,Nosker House (1110),107132,ELECTRICITY
1041,5164,6.662459029733353e-06,0.057008281511300815,0.03251982480834792,7.264624737277874e-05,0.06090205203595473,0.00026943942244589555,0.0002301380680797544,34.091054545144246,5,0.2601586781478605,0.10306358460606317,High,Optometry Clinic (1041),103650,ELECTRICITY
165,5164,5.702407098673711e-06,0.05261828023375905,0.029819217783310696,6.452494633672642e-05,0.05805312440451429,0.00026943942244589555,0.00025201530260765466,35.09558376776201,5,0.26815629930269996,0.10394373852232293,High,Harding Hospital (0165),114199,ELECTRICITY
232,5164,1.0070115089499361e-05,0.14582415379613514,0.03917702127469132,4.376837733069121e-05,0.062227703795958024,0.00026943942244589555,0.000423367048234752,33.886575513025804,5,0.25853070576421006,0.10493274911789514,High,"Kenny Rd, 1900 (0232)",31371,ELECTRICITY
26,5164,3.74589149539518e-06,0.03401806536331941,0.02684496252490296,4.266003697045952e-05,0.03544778569549205,0.00026943942244589555,0.000247255003791334,38.5784914168504,5,0.2958856826471809,0.10571822822606688,High,Caldwell Laboratory (0026),100348,ELECTRICITY
98,5164,5.912488301610674e-06,0.10359858341356956,0.03139835578285645,4.0472156446403393e-05,0.07041721460569446,0.00026943942244589555,0.0005225579732412942,34.95282535074954,5,0.2670197193902162,0.1072081098993316,High,Canfield Hall (0098),61355,ELECTRICITY
375,5164,6.296598862999096e-06,0.04047589743159831,0.029451308122200294,1.591521374272629e-05,0.004459710177005139,0.00026943942244589555,0.0001607158740183517,42.5052937879507,5,0.3271491611074143,0.10811917569423843,High,James Cancer Hospital (0375),1183561,ELECTRICITY
263,5164,5.550234632232731e-06,0.0952761157309137,0.03068919484637588,4.620933240550542e-05,0.07955611720249223,0.00026943942244589555,0.0005109512713709619,34.95711658589707,5,0.26705388432262783,0.10928859574202983,High,Service Building Annex (0263),58446,ELECTRICITY
153,5164,4.113440778820022e-06,2.317848913130982,0.04301476839557759,3.88173910360524e-06,0.23089016111009025,0.00027087809816601135,0.01841377064799193,17.020575783445164,5,0.1242510121548016,0.11066434003983511,High,Poultry Breeding House 3 (0153),10229,ELECTRICITY
338,5164,7.907946841861144e-06,0.10172509370135,0.034757425512437594,3.997629511421914e-05,0.049232472825521095,0.00026943942244589555,0.00037061844420708075,38.4252521136817,5,0.2946656585152984,0.11119063618133215,High,Independence Hall (0338),15891,ELECTRICITY
49,5164,4.535445992618464e-06,0.05007157879033728,0.028026227552035293,5.2747002240696976e-05,0.05663295512029875,0.00026943942244589555,0.0003111387492019265,38.648415232710384,5,0.2964423854054059,0.11154549347968735,High,Drinko Hall (0049),211467,ELECTRICITY
185,5164,6.8998899691674924e-06,0.14040282759660286,0.03309066766383537,5.124559320183856e-05,0.1066781504585663,0.00026943942244589555,0.0006147511642983701,32.88920795641026,5,0.25059010265347886,0.11186598138448062,High,Halloran House (0185),30286,ELECTRICITY
60,5164,7.2912126799921785e-06,0.1199543467732674,0.03339434674645807,4.420715838706367e-05,0.07238873944629036,0.00026943942244589555,0.00048765527655955654,37.40588189041932,5,0.28654987982154234,0.11415360112345665,High,Orton Hall (0060),41022,ELECTRICITY
983,5164,3.6163965455705032e-06,2.372521340851531,0.04291671927118659,4.364303276238686e-06,0.30453641956462524,0.00027085889140965883,0.021461804657924948,10.78424777163433,5,0.07460010333822997,0.11460842237267004,High,Turfgrass Foundation (0983),7573,ELECTRICITY
217,5164,1.231023482794527e-05,0.19784452993476617,0.03808687776774555,2.84757658495165e-05,0.04308159115822411,0.00026943942244589555,0.00047524925982638715,40.09613447702908,5,0.30796849116115366,0.11465829585719975,High,Recreation Field Support and Utility (0217),3827,ELECTRICITY
268,5164,8.699059601325963e-06,0.061340792435911236,0.03644317038268122,4.015407603740065e-05,0.024114710061576644,0.00026943942244589555,0.00018104297526204608,42.57698909035255,5,0.3277199676646366,0.11530477537587884,High,Taylor Tower (0268),143043,ELECTRICITY
337,5164,3.1537639661532657e-06,0.047585986867564545,0.024967343503283914,6.197939381907732e-05,0.09498433604625306,0.00026943942244589555,0.00044318984291520495,36.697411352846125,5,0.2809093480865767,0.11557556996495874,High,Dulles Hall (0337),41284,ELECTRICITY
251,5164,1.0299112270076097e-05,0.13400757318478201,0.03794712971596148,6.26439233130546e-05,0.08193200837422848,0.00026943942244589555,0.0003754428157445409,36.616935972306585,5,0.2802686383975449,0.11600404894997071,High,Schoenbaum Hall (0251),62748,ELECTRICITY
130,5164,0.0001546283198090885,0.2839439974196287,0.2546317776275396,0.00043345895563280505,0.07985226827582119,0.0003320037505739801,2.485036072174585e-05,11.077003204838391,5,0.07693089371552285,0.11943559602598229,High,Power House (0130),8977,ELECTRICITY
1104,5164,4.268250814334021e-06,0.0788267461462125,0.028122080273325193,3.79281370560852e-05,0.06947271769755234,0.00026943942244589555,0.0005534188193412214,40.92309861190865,5,0.31455241695494107,0.12025354141576916,High,Bowen House (1104),95448,ELECTRICITY
1108,5164,9.003531860679942e-06,0.08601517500683768,0.03685316588863609,4.018279797305754e-05,0.03506430548039534,0.00026943942244589555,0.0002626519926572819,44.268498958062715,5,0.3411870274544603,0.12221753217192635,High,Scott House (1108),169311,ELECTRICITY
50,5164,3.7256423253906593e-06,0.044878768139985425,0.027055576632683827,2.562615786035432e-05,0.02689137861083046,0.00026943942244589555,0.0003439464904927828,47.09883225728638,5,0.3637208999983863,0.12400737961560258,High,Thompson Library (0050),308820,ELECTRICITY
5,5164,2.805558610493009e-06,0.042843773565615084,0.02518253938041675,6.142834360932316e-05,0.0952984296582742,0.00026943942244589555,0.0004491390725964306,40.57955150072509,5,0.3118172455112218,0.1249919137429496,High,Eighteenth Avenue Library (0005),99181,ELECTRICITY
1102,5164,3.7259863223987193e-06,0.06468109200596382,0.027043902976193274,2.5280486721191147e-05,0.04103887301016722,0.00026943942244589555,0.0005172564994121425,46.4327470649756,5,0.358417821795178,0.12597582415886502,High,Houston House (1102),138006,ELECTRICITY
274,5164,5.58229965648958e-06,0.05720810686201784,0.02983455377967903,6.184699229677389e-05,0.06222889949028512,0.00026943942244589555,0.00028530860178390994,44.03067112820335,5,0.33929354656762645,0.12633845126703053,High,Hitchcock Hall (0274),118612,ELECTRICITY
174,5164,3.259967334005347e-06,0.050493402303368386,0.024691433626980407,7.837376731974355e-06,0.0065341627220931,0.00026943942244589555,0.0004562461649371553,50.889095099048475,5,0.393897310602633,0.12727860087414788,High,Animal House Kinnear Research Center (0174),6703,ELECTRICITY
30,5164,9.955712792341061e-06,0.1052666783135285,0.03667768045004517,5.004942354570335e-05,0.05085803425538856,0.00026943942244589555,0.00029592107147207814,44.797321348491366,5,0.34539727942286347,0.12738138468644056,High,Denney Hall (0030),103772,ELECTRICITY
80,5164,6.938922082266916e-06,0.030184863964611116,0.03192571216290403,1.9986776419926125e-05,0.002789991215430512,0.00026943942244589555,9.293398652754902e-05,50.556898639058154,5,0.39125250806611955,0.12766490397054386,High,Sisson Hall (0080),55501,ELECTRICITY
310,5164,1.9644831741125138e-05,0.10588113672192671,0.048451933693203345,3.339245823034994e-05,0.01290171793534069,0.00026953167323061377,0.00012690543242930712,48.12795445476568,5,0.37191431963432964,0.12935434129695947,High,Scott Hall (0310),59654,ELECTRICITY
373,5164,3.5222362978488144e-06,0.05557043017573756,0.026301073111855804,3.720310157658597e-05,0.057135598558715,0.00026943942244589555,0.00046564308573455326,46.373483802707774,5,0.35794599368968716,0.12962786614300184,High,"Kinnear Rd, 1100 (0373)",47376,ELECTRICITY
52,5164,1.3115629264170428e-05,0.17786104878321157,0.04345405144928961,6.258543995301002e-05,0.08558674459576704,0.00026943942244589555,0.00039336354302164006,41.51144420518274,5,0.3192365665617225,0.13026287608369866,High,Younkin Success Center (0052),68619,ELECTRICITY
40,5164,1.3889535422592556e-05,0.2532070259439065,0.04281759332707313,3.9924940754557465e-05,0.07244764173959208,0.00026943942244589555,0.000545652645443389,43.31627869519726,5,0.3336058672981496,0.13112079651928135,High,Fechko Alumnae Scholarship House (0040),6396,ELECTRICITY
184,5164,8.787961300032315e-06,0.12701792832129558,0.03590233831130328,5.32920780332779e-05,0.07705930799817926,0.00026943942244589555,0.0004224781136693625,44.017042154147525,5,0.3391850386529004,0.13185441180585633,High,Barrett House (0184),35922,ELECTRICITY
800,5164,1.4404547772562155e-07,,0.020723868424519867,1.2457607727370246e-08,0.04136470852840171,0.0002709335579463371,0.00030655440974505045,50.26877758609214,5,0.3889586145919698,0.1332919051985091,High,Buckeye Village Community Center (0800),27220,ELECTRICITY
1018,5164,5.354915166001601e-06,0.04576190214778126,0.028616765507030663,7.132115107724569e-05,0.05958545418514335,0.00026943942244589555,0.00022978361159542841,47.84140466165265,5,0.3696329358420857,0.13440574149276008,High,Fontana Laboratories (1018),124191,ELECTRICITY
852,5164,4.0999889906181975e-06,0.07002028792766084,0.027981604754977074,2.6229400994695943e-05,0.04202735144441784,0.00026943942244589555,0.0005080817507149415,49.76143084759521,5,0.38491934234654124,0.13445333425416722,High,Smith-Steeb Hall (0852),262198,ELECTRICITY
28,5164,6.878434827815549e-06,0.07632913729517353,0.03234188715118762,3.395416171060362e-05,0.034292511079224035,0.00026943942244589555,0.0003129920158661987,50.435106820547134,5,0.39028285501643345,0.13540749922247228,High,Faculty Club (0028),32811,ELECTRICITY
266,5164,3.481051419337138e-06,0.017476585954719615,0.0260323078167564,1.7139548845586556e-05,0.002692700906024719,0.00026943942244589555,0.0001148005589766504,54.568305819403996,5,0.42318957291586584,0.13545695953013936,High,Riffe Building (0266),130130,ELECTRICITY
271,5164,5.631109021771513e-06,0.06584633844936387,0.029982335146068843,2.4634758832386333e-05,0.024649291126681815,0.00026943942244589555,0.0003324459151414831,53.18176379173598,5,0.41215053333108,0.13885205021208635,High,Lincoln Tower (0271),321161,ELECTRICITY
339,5164,3.295115169629158e-06,0.051137272264705186,0.025794555925848374,5.82006593595402e-05,0.09151046541521707,0.00026943942244589555,0.0004572307445040329,46.770717334674266,5,0.3611085928726038,0.13901714560501552,High,University Hall (0339),77845,ELECTRICITY
340,5164,6.422506245365839e-06,0.04355421417138348,0.031132116192918995,4.820613290757582e-05,0.028871615193745457,0.00026943942244589555,0.00017223876199472235,53.10084745086466,5,0.41150631290926065,0.1400352683433895,High,Kottman Hall (0340),166094,ELECTRICITY
67,5164,9.725507703202324e-06,0.1339174710256874,0.037962970142542886,4.44115261898426e-05,0.059807128542753156,0.00026943942244589555,0.00040017113641610714,49.57822102496216,5,0.3834607060816389,0.14143891067340525,High,Pomerene Hall (0067),93504,ELECTRICITY
281,5164,8.440520994654633e-06,0.12193818254751744,0.03495165138231137,5.838195720449631e-05,0.08501166932448609,0.00026943942244589555,0.00042225409016632487,47.51526070642989,5,0.36703632069432995,0.1419126470676389,High,Meiling Hall (0281),76545,ELECTRICITY
1109,5164,2.0607727192825946e-05,0.20272283944487585,0.054020784508545125,6.530540927963831e-05,0.06316452028186861,0.00026943942244589555,0.0002719063835967783,47.679135898210234,5,0.368341023107188,0.14254045831272663,High,North Recreation Center (1109),29520,ELECTRICITY
63,5164,7.4324354444699885e-06,0.12681498711059133,0.03438483807208771,4.406384897258594e-05,0.07505616342769174,0.00026943942244589555,0.0005075666781669473,49.4651392396706,5,0.3825603984968401,0.14392374682932632,High,Cockins Hall (0063),59866,ELECTRICITY
55,5164,9.957041929883336e-06,0.1128328284920786,0.0389216237499692,5.556008516655572e-05,0.061771219505058754,0.00026943942244589555,0.0003206597688332367,50.340838292583086,5,0.389532330336309,0.14402709006747316,High,Mershon Auditorium (0055),120223,ELECTRICITY
880,5164,7.2734596628689875e-06,0.05479264694910574,0.03287115994419554,5.905185370169296e-05,0.0416905440466362,0.00026943942244589555,0.0001967577633412778,53.32916650389353,5,0.41332408908484874,0.14431072438487355,High,Morehouse Medical Plaza - Pavilion (0880),174609,ELECTRICITY
91,5164,1.4404547772562155e-07,,0.020723868424519867,1.2457607727370246e-08,0.04136470852840171,0.0002709335579463371,0.00030655440974505045,54.99590893875653,5,0.4265939614355918,0.14458250925159571,High,Nicklaus Museum (0091),25443,ELECTRICITY
252,5164,1.4535710877889424e-05,0.12591192478819144,0.04473607002886695,6.865273983582728e-05,0.057976040950306236,0.00026943942244589555,0.000233582543679417,50.4955443578936,5,0.39076403218514627,0.14517907828333246,High,Mason Hall (0252),68150,ELECTRICITY
38,5164,3.337019112678651e-06,0.05065333650136197,0.02603396036958952,2.6300162824504522e-05,0.03673048644303157,0.00026943942244589555,0.00044614438608554606,55.49774770204643,5,0.43058938159783133,0.146236545858897,High,Hamilton Hall (0038),284272,ELECTRICITY
1316,5164,9.465036301701285e-05,2.019340607926472,0.14411958215604964,8.958895207843649e-05,0.20108349336607326,0.000273036575030785,0.0006562071558604387,24.752777621915484,5,0.185811412394516,0.1493486027800671,High,Waterman - Pump House (1316),1116,ELECTRICITY
298,5164,1.4404547772562155e-07,,0.020723868424519867,1.2430485437112744e-08,0.04136470852840171,0.0002709335579463371,0.00030655440974505045,56.99605249488775,5,0.4425182273076636,0.14935978901321725,High,Agricultural Engineering Building (0298),111496,ELECTRICITY
46,5164,9.537541308381174e-06,0.12070789558887819,0.035508778149609586,6.270827520605065e-05,0.07960014177639571,0.00026943942244589555,0.00036384809793576806,51.251341445858756,5,0.3967813571602468,0.14964165325174622,High,Journalism Building (0046),84561,ELECTRICITY
293,5164,4.641332276262448e-06,0.05140192181710175,0.027921023903556275,5.812904743774713e-05,0.06331068429666745,0.00026943942244589555,0.00031227264376091474,54.24758059121162,5,0.42063609929645474,0.15044164893073433,High,Cunz Hall (0293),68100,ELECTRICITY
95,5164,3.146711115033336e-06,0.07810285179512817,0.026180332402058734,3.0241892795968845e-05,0.07492401797950493,0.00026943942244589555,0.0007606099991753327,53.25692443241535,5,0.412748929392015,0.15052387453297467,High,Baker Hall (0095),224834,ELECTRICITY
294,5164,4.835451349504155e-06,0.05390249757171258,0.0281930452777687,5.892614161547836e-05,0.06473471737696104,0.00026943942244589555,0.00031463851016646317,54.14055781020362,5,0.41978403084670984,0.15062399795810882,High,Wilce Student Health Center (0294),65255,ELECTRICITY
384,5164,1.838456493760126e-05,0.20655413255675992,0.055188508122122615,4.7371905846619934e-05,0.05118792412968157,0.00026943942244589555,0.00031750345610306326,52.2034481619749,5,0.40436161330713305,0.15070964297961256,High,Waterman - Rothenbuhler Honey Bee Lab (0384),6360,ELECTRICITY
309,5164,6.308093836987821e-06,0.0654645538573959,0.030789124270620884,4.646185642662524e-05,0.045747219461611414,0.00026943942244589555,0.00028954031517498753,55.85069381842987,5,0.43339938379921145,0.15073678833362883,High,Pressey Hall (0309),77720,ELECTRICITY
155,5164,6.6335557766152974e-06,0.1640676482079775,0.031783925283131495,2.1152295615958006e-05,0.0502017841239037,0.00026943942244589555,0.0007577565613775269,56.20053380529406,5,0.4361846563594886,0.1530546840079686,Medium,Reactor Annex (0155),6237,ELECTRICITY
76,5164,3.764126524996077e-06,0.09721880279845736,0.027125130502407058,2.8352756150134527e-05,0.07293164101224732,0.00026943942244589555,0.000793463082931276,54.41782796106438,5,0.4219915341967377,0.15308692912524496,Medium,St John Arena (0076),229280,ELECTRICITY
127,5164,6.733912353797657e-06,0.050621836359934155,0.03056164503434572,6.948551139128727e-05,0.050114210408654256,0.00026943942244589555,0.00019624299817761853,56.71595895336691,5,0.4402882453593402,0.153812956169996,Medium,Smith Electrical Substation (0127),23886,ELECTRICITY
350,5164,3.97839414661709e-06,0.034202005199735874,0.0271453092924341,5.5817519024455594e-05,0.04549558105231898,0.00026943942244589555,0.00023145234470522985,57.93099343184095,5,0.44996181704855415,0.15454075101708203,Medium,Library Book Depository (0350),68253,ELECTRICITY
147,5164,1.194794945780099e-05,0.028404285000088795,0.04099082204264004,3.363941005366348e-05,0.0020322222058203553,0.0002847976231981163,3.3009508811097586e-05,60.77664024935896,5,0.472617609109711,0.15459553632348208,Medium,Newman and Wolfrom Laboratory of Chemistry (0147),62058,ELECTRICITY
354,5164,6.735399883413162e-06,0.02766246406046556,0.031258183775536894,1.6655129925242124e-05,0.0007747877797900851,0.00026943942244589555,8.500639243960165e-05,62.31211760163508,5,0.4848424064365013,0.15503662496742493,Medium,Rhodes Hall (0354),508398,ELECTRICITY
902,5164,6.54234084630977e-06,0.2934440151209271,0.03319982948467852,1.80144594023499e-05,0.0811612020888978,0.0002695974398130504,0.0014148643808948283,53.62182391526793,5,0.4156540990553193,0.15515870874135804,Medium,"Eleventh Ave, 53 W (0902)",5321,ELECTRICITY
113,5164,1.3045787509945033e-05,0.05698851561327713,0.0424650945954538,3.2695645556224286e-05,0.008863728504406667,0.00026972003169313064,9.367816539620616e-05,60.1232068339672,5,0.46741525880615525,0.15519408987139383,Medium,Davis Heart and Lung Research Institute (0113),139528,ELECTRICITY
87,5164,4.251919203414037e-06,0.06397845906788617,0.027765441579035346,3.644753192455942e-05,0.052947822684794865,0.00026943942244589555,0.0004418306171546848,57.83165223301164,5,0.449170905987516,0.15638413453373734,Medium,Townshend Hall (0087),64406,ELECTRICITY
1107,5164,4.314582446389962e-06,0.08886171671838167,0.028399831404983006,1.738386466401375e-05,0.032254291589542336,0.00026943942244589555,0.0006228110612021504,59.91827767885189,5,0.46578370274059594,0.1564120548002396,Medium,Blackburn House (1107),136721,ELECTRICITY
9,5164,7.442341525142178e-06,0.0748542528281327,0.03261699339856508,4.929826044478691e-05,0.047232079445256606,0.00026943942244589555,0.0002791037584584803,58.00689614175197,5,0.4505661211392924,0.1568048197864402,Medium,ElectroScience Laboratory (0009),30898,ELECTRICITY
297,5164,2.1406591971606498e-05,0.09975193475617102,0.056549878368858345,5.808357755884172e-05,0.022758091711442833,0.00027073084783039417,0.00010376680052583653,57.7382022581237,5,0.44842689826802395,0.1571981209390043,Medium,Howlett Greenhouses (0297),41678,ELECTRICITY
136,5164,1.0167318437100796e-05,0.04195847845633887,0.03605812233887053,3.580319598952683e-05,0.009399205521441712,0.00027138915109841733,8.662532622404584e-05,61.734917186305516,5,0.4802469898490255,0.15725432883566284,Medium,Veterinary Medicine Academic (0136),113459,ELECTRICITY
303,5164,1.1332163024954855e-05,0.1551988115977396,0.039761405638614467,5.680925414721504e-05,0.07790307048625435,0.00026943942244589555,0.0003977481037959188,54.449058761378055,5,0.4222401801332096,0.1581359055686802,Medium,McCampbell Hall (0303),133041,ELECTRICITY
299,5164,1.98941672736169e-05,0.0779026213216652,0.055137387246577255,4.3645543894723794e-05,0.011916106399402061,0.0002708625845766103,7.944555596822065e-05,59.65735495309862,5,0.4637063504204467,0.15864406473335296,Medium,Veterinary Medical Center (0299),278249,ELECTRICITY
100,5164,7.022335811362097e-06,0.07169505032481235,0.03322481917409179,3.4550044824655766e-05,0.031679203569124126,0.00026943942244589555,0.0002840511521273333,60.38377265457997,5,0.4694897696040893,0.15877678519855445,Medium,Mack Hall (0100),83336,ELECTRICITY
1,5164,6.026645711155395e-06,0.1380912838060367,0.031243313025997053,4.666478856660533e-05,0.10955596782326034,0.00026947136772443155,0.0006984981425875525,52.809090126606044,5,0.4091834690376912,0.1596218012963097,Medium,Bricker Hall (0001),74140,ELECTRICITY
29,5164,0.00036153708342734174,0.6790427591823237,0.44217432594942135,0.0004144317573632377,0.07794253536578855,0.00041892451527990467,4.629745615391912e-05,4.764451699828638,5,0.02667312687234765,0.16014681430640093,Medium,Women's Field House (0029),5417,ELECTRICITY
977,5164,8.722712584608931e-06,0.07844635205520883,0.03632061804772334,5.533065228242874e-05,0.04742457716643542,0.00026943942244589555,0.0002443817995845264,59.47856756849479,5,0.4622829236677637,0.16147386407619266,Medium,ElectroScience Laboratory Complex (0977),40704,ELECTRICITY
306,5164,1.21432749606055e-05,0.06393494782864384,0.04167645101192425,2.9776890955943507e-05,0.01038003911820298,0.00026943942244589555,0.00012277726679342686,63.041256332658854,5,0.490647489264109,0.16231060845237977,Medium,Atwell Hall (0306),102455,ELECTRICITY
850,5164,6.149162254163409e-06,0.0603225248568368,0.031139075731202594,3.052147513522657e-05,0.025882898722565058,0.00026943942244589555,0.0002710143955173648,62.88242997849241,5,0.48938298348226883,0.16266799460401032,Medium,Residence on Tenth (0850),189625,ELECTRICITY
193,5164,1.7181098239461014e-05,0.18821438321102582,0.05088169563382704,5.212658697896521e-05,0.0554051059331921,0.00026943942244589555,0.0003083558641758606,57.43256915722994,5,0.44599358154782215,0.16296011301741917,Medium,"Eleventh Ave, 33 W (0193)",26562,ELECTRICITY
881,5164,5.130234196252083e-06,0.061882130875424796,0.028948895605058526,3.5108966939621535e-05,0.03936912961567357,0.00026943942244589555,0.0003444790744248645,61.87325755122321,5,0.4813483951681766,0.16298314149705267,Medium,Morehouse Medical Plaza - Tower (0881),135122,ELECTRICITY
964,5164,9.553911091882353e-06,0.3196154599643126,0.037525838011304095,2.1704022498454706e-05,0.07225743124781794,0.0002694481170962924,0.0010422384921958613,57.67321735433181,5,0.4479095169618268,0.16385130007772317,Medium,"Eleventh Ave, 45 W (0964)",4525,ELECTRICITY
89,5164,2.2585920126561622e-06,0.03297402563344624,0.02348934199983583,1.461612160428823e-05,0.016532853984105814,0.00026943942244589555,0.0004272317891826125,65.366658167601,5,0.5091613189167407,0.1639924965393768,Medium,Doan Hall (0089),684497,ELECTRICITY
359,5164,8.166124163227398e-07,0.10856745303625004,0.022314596285201233,6.25049577327335e-07,0.002372123222617492,0.0002709335579463371,0.004311435125874277,66.95147496508199,5,0.5217789352694525,0.16446780554093166,Medium,Parking Garage - Ninth Ave W (0359),371919,ELECTRICITY
1054,5164,4.410901555042162e-06,0.05126139047317361,0.027971883183598743,3.8431292878842366e-05,0.04188389180732731,0.00026943942244589555,0.0003301042342488835,62.44037155558894,5,0.48586350817474655,0.16467110599447277,Medium,Stanton Veterinary Clinic (1054),33621,ELECTRICITY
65,5164,2.7972764716633223e-06,0.051507038679667355,0.02486077281205128,2.7820137079257574e-05,0.04901713546137507,0.00026943942244589555,0.0005516288054809688,62.14338259219561,5,0.48349901228661435,0.16484496371576562,Medium,Smith Laboratory (0065),218468,ELECTRICITY
1025,5164,4.264788364803416e-06,0.08916266275229276,0.028292405313489248,4.066961054475386e-05,0.08575481107924399,0.00026943942244589555,0.0006329559113999933,57.86363279297282,5,0.44942552118150975,0.16484902410502073,Medium,"Theatre, Film and Media Arts Building (1025)",123378,ELECTRICITY
381,5164,8.24440984566422e-06,0.11519140830740704,0.03522051415630807,5.110646291767907e-05,0.0709508568340205,0.00026943942244589555,0.000406771027163308,58.59351499952874,5,0.45523652323526853,0.16493584108005263,Medium,Stores and Receiving (0381),124887,ELECTRICITY
176,5164,3.4863603655794246e-06,0.041881555456827216,0.026536915865139326,2.997632766319528e-05,0.032479548865987425,0.00026943942244589555,0.00034287207871296603,63.97265040624782,5,0.49806284043429755,0.1655512449181349,Medium,Starling Loving Hall (0176),70620,ELECTRICITY
360,5164,1.2221787122344717e-05,0.07652018573664433,0.04378419975997016,5.001004124596981e-05,0.027371852727188475,0.00026943942244589555,0.00015526071540593154,62.621881159862966,5,0.4873086080466702,0.16619409463110013,Medium,Blankenship Hall (0360),58495,ELECTRICITY
90,5164,6.33597305389628e-06,0.11913124931541355,0.030869705810149285,4.468691288684978e-05,0.0846627028346926,0.00026943942244589555,0.0005643192712712078,58.243454567873975,5,0.4524494955902403,0.16624608401948074,Medium,Ramseyer Hall (0090),87452,ELECTRICITY
64,5164,1.0719091897679933e-05,0.040397404114060086,0.03761626131188312,2.3455846966920594e-05,0.0029481090389855713,0.0002695540455967156,7.402471314179862e-05,66.2925335162264,5,0.5165327324188926,0.1669928290859504,Medium,Parker Food Science and Technology (0064),78629,ELECTRICITY
66,5164,4.04363783879028e-06,0.08142153019433587,0.02802710793942874,4.787849978397132e-05,0.09812364230273887,0.00026943942244589555,0.0006078087851621794,57.803114102961615,5,0.4489436979108681,0.16771332364854813,Medium,Plumb Hall (0066),45947,ELECTRICITY
102,5164,9.382029893731746e-06,0.13326920673669426,0.03643177753941659,3.7777696288318473e-05,0.05166501417981036,0.00026943942244589555,0.0004143598899147376,62.14257799608897,5,0.4834926064452524,0.16895572272384052,Medium,Oxley Hall (0102),33481,ELECTRICITY
170,5164,2.3829074436104394e-06,0.09083874955833741,0.024614984839145274,3.680606539754333e-06,0.008590093635634522,0.00026943942244589555,0.0011944280856833174,68.6680420574229,5,0.5354454896934554,0.17034482998154135,Medium,Parking Garage - SafeAuto Hospitals (0170),367640,ELECTRICITY
1105,5164,4.4361021490077764e-06,0.08480130432669833,0.028422147483615115,1.692118997339415e-05,0.02849757579464523,0.00026943942244589555,0.0005745548514033027,66.3076164554269,5,0.516652816166494,0.17073306627140458,Medium,Busch House (1105),117017,ELECTRICITY
84,5164,1.0364520952235781e-05,0.11287785351733462,0.038153213920032056,4.000421072735363e-05,0.0406934715541483,0.00026943942244589555,0.0003062702835772074,64.34127757513056,5,0.5009976882990739,0.17196457909680546,Medium,Stillman Hall (0084),68544,ELECTRICITY
1043,5164,1.2220944851798474e-05,0.06910847777921224,0.0418529008035797,2.2724271526547992e-05,0.0073070921844179595,0.00026943942244589555,0.00013549356648813877,67.49666658435808,5,0.5261195118595502,0.1722388208800167,Medium,James Outpatient Care (1043),396764,ELECTRICITY
995,5164,2.2647528162303618e-05,0.07444012717101632,0.05623992404838617,4.923740368717444e-05,0.01093017208959681,0.0002740846451402138,6.010485228647672e-05,65.41635881031594,5,0.5095570136388418,0.17248064005641056,Medium,Evans Hall (0995),27573,ELECTRICITY
277,5164,7.480180781231666e-06,0.03597816839672074,0.03349973722946254,2.117699176144808e-05,0.004410870704467558,0.00026943942244589555,0.00010792851044993795,69.23655104061727,5,0.5399717089097197,0.17316034079443907,Medium,Graves Hall (0277),219994,ELECTRICITY
307,5164,4.678119825687168e-06,0.049097654256661745,0.028067457715020908,5.8951374283912937e-05,0.06058648488813015,0.00026943942244589555,0.00029336631447354,64.06481093392847,5,0.49879658214058575,0.17324983812588557,Medium,Bevis Hall (0307),81611,ELECTRICITY
287,5164,1.1299824325536455e-06,0.14040891370203124,0.023139533722250184,8.255085326390585e-07,0.004488978374384508,0.0002709335579463371,0.004026392923462041,70.40383512281132,5,0.5492651128837072,0.17344759751390268,Medium,Parking Garage - Neil Ave (0287),325700,ELECTRICITY
146,5164,3.826490314031986e-06,0.05034401729313882,0.0272541654535539,5.978361234998206e-05,0.07883003091132525,0.00026943942244589555,0.0003801768964837712,62.348215692191225,5,0.48512980360343366,0.17347972497940017,Medium,Bolz Hall (0146),82179,ELECTRICITY
358,5164,8.886214198344342e-06,0.0916856465459989,0.0368631988284894,4.362690667857667e-05,0.042264406400959825,0.00026943942244589555,0.00028757919432385594,65.02537966056023,5,0.5064442091043566,0.17360146085924236,Medium,Sherman Studio Art Center (0358),25545,ELECTRICITY
1101,5164,4.64008428656409e-06,0.06949342330974591,0.028790828010991,3.1871068353007547e-05,0.04522011876377768,0.00026943942244589555,0.0004395408818628449,65.72062081264906,5,0.5119794142735707,0.17360203350859238,Medium,Torres House (1101),127073,ELECTRICITY
82,5164,1.1869222048730866e-05,0.10043521103069468,0.03754477212755132,2.692272795220127e-05,0.01810113293294835,0.00026943942244589555,0.00022704524078091676,67.67569726275453,5,0.5275448756107185,0.17408623434083517,Medium,Ohio Stadium (0082),854223,ELECTRICITY
56,5164,1.6042363189625062e-05,0.18920797729593888,0.04872356885640765,4.4537694807010955e-05,0.050433311925124985,0.00026943942244589555,0.00033573872069153724,62.956334073705406,5,0.4899713754792328,0.17426717209007714,Medium,Converse Hall (0056),59254,ELECTRICITY
290,5164,3.3778027445734515e-05,0.16146676467344284,0.08068527583470635,6.718479140555644e-05,0.028246545403152214,0.0002705545645399356,0.00010760937543468153,61.44102863722254,5,0.4779071781000093,0.17465551393751796,Medium,Printing Facility (0290),42613,ELECTRICITY
352,5164,9.680127214708025e-07,0.11127340604029788,0.022740705787748238,7.959170679268894e-07,0.003284186791993924,0.0002709335579463371,0.0037211379212207336,71.12664760833313,5,0.5550198289188732,0.17470737779816806,Medium,Parking Garage - Eleventh Ave (0352),221080,ELECTRICITY
103,5164,1.4404816619456862e-07,0.0019076911002345678,0.020014037000234054,4.572595806598357e-05,0.059158715759716804,0.00026943942244589555,0.00038300530633330736,66.16418971014457,5,0.5155109153174073,0.17550461543117163,Medium,Paterson Hall (0103),64484,ELECTRICITY
847,5164,7.5216922376250705e-06,0.161558381824351,0.0329812204936269,5.1910859748540206e-05,0.11452755726073781,0.00026943942244589555,0.0006516221431185793,58.942344710742546,5,0.4580137524238529,0.1760281245118962,Medium,William Hall Complex - Scholars House West (0847),19381,ELECTRICITY
131,5164,1.3437567062869572e-05,0.05795211095635268,0.04128335756138697,3.113620220623861e-05,0.007934982066983324,0.0002695229356584104,9.175818018395537e-05,69.21921698488073,5,0.5398337027594392,0.1763326273400213,Medium,Aronoff Laboratory (0131),108644,ELECTRICITY
178,5164,2.5386941541691323e-06,15.39146722551838,0.14692698923881786,3.721965491973374e-07,0.23860050492653784,0.0002709785344322732,0.19882734348296624,19.447364860052378,5,0.14357204256427963,0.17662393729500864,Medium,Waterman - South Storage 2 (0178),2753,ELECTRICITY
347,5164,2.635992105296431e-05,0.3588836371736583,0.06527670728983931,7.119770056764914e-05,0.09869653178957805,0.00026943942244589555,0.00039511656701227984,56.99298202410539,5,0.4424937815657863,0.17706454708913405,Medium,Jesse Owens Recreation Center North (0347),23728,ELECTRICITY
187,5164,4.067613787277252e-06,0.08722630853267452,0.027466200483554117,5.211900520098508e-05,0.11481580172055854,0.00026943942244589555,0.0006504839532666604,61.11055555303028,5,0.475276096325849,0.17962421206595058,Medium,Mathematics Building (0187),28896,ELECTRICITY
371,5164,1.2823982768268965e-05,0.06053501781336495,0.04118283455013318,2.931580540419354e-05,0.008380932920323863,0.0002694595355113829,0.00010502584943579697,70.60665690995432,5,0.5508798910096139,0.17972980477542047,Medium,Celeste Laboratory of Chemistry (0371),110310,ELECTRICITY
275,5164,7.180489324175399e-06,0.07147828861659525,0.03318979347982176,6.302333764259483e-05,0.06152796737554531,0.00026943942244589555,0.00027573200793956306,66.0393821897207,5,0.5145172525715652,0.17973546546049338,Medium,Newton Hall (0275),80675,ELECTRICITY
1044,3008,4.0848607872463105e-05,0.48181320150721163,0.10050328594504301,6.418451663676482e-05,0.07757227805020314,0.0002697407417428234,0.00034531296494245045,56.2787704201149,5,0.4368075419776329,0.18063811483409495,Medium,Energy Advancement and Innovation Center (1044),66170,ELECTRICITY
356,5164,1.821491838235753e-05,0.08680204367683396,0.050889254780418364,4.462963908521107e-05,0.016456068174094635,0.00026956881210599045,0.0001065561968231922,68.94418032002412,5,0.537643981445527,0.18068997134083079,Medium,"Twelfth Ave, 395 W (0356)",90747,ELECTRICITY
105,5164,1.558349492420998e-05,0.07046039937081168,0.04614452259406035,3.6679671527837866e-05,0.011365787294791065,0.00026943942244589555,9.852436605783989e-05,70.40454530781375,5,0.5492707670652595,0.1814808123764024,Medium,Kennedy Commons (0105),36868,ELECTRICITY
270,5164,8.242955450992141e-06,0.06162907490540544,0.03580171361455751,3.888780850009768e-05,0.024941185423605516,0.00026943942244589555,0.00019490985604376235,70.3789741329042,5,0.5490671805843429,0.18172520109397808,Medium,Woody Hayes Athletic Center (0270),202623,ELECTRICITY
227,5164,3.468314560762205e-05,0.23486814533040082,0.08368730672936314,5.669813693106119e-05,0.035071231239818826,0.0002695000655945035,0.0001719729244667238,63.32613994236503,5,0.49291560763473813,0.18177447805785513,Medium,Center for Automotive Research (0227),42008,ELECTRICITY
1103,5164,5.865739909565141e-06,0.08237800280345692,0.03135624431745741,2.948943800673803e-05,0.03835337987306168,0.00026943942244589555,0.0004091149003609467,69.77607039666249,5,0.5442671254274276,0.1823367231267851,Medium,Raney House (1103),134247,ELECTRICITY
88,5164,2.3669635450122373e-06,0.06829107741753303,0.02445261405890161,1.1746884435330868e-05,0.03017681253351958,0.00026943942244589555,0.0008920974103245478,71.84705978674423,5,0.5607554347614291,0.1832404323910278,Medium,Parking Garage - Tuttle Park Pl (0088),364069,ELECTRICITY
848,5164,7.04330493911773e-06,0.14740805572592075,0.03309654738572307,5.191076562059039e-05,0.11142318208910225,0.00026943942244589555,0.0006336772758606123,62.599520764938774,5,0.4871305843879754,0.18401898664576422,Medium,William Hall Complex - Scholars House East (0848),19382,ELECTRICITY
353,5164,5.806344716100111e-06,0.03028194296151339,0.029477701307934596,1.571186728763234e-05,0.0022463658336816313,0.00026943942244589555,0.00012115522961196547,74.62037255334498,5,0.582835334829794,0.18427367558418078,Medium,Ross Heart Hospital (0353),311590,ELECTRICITY
864,5164,4.2960377889833517e-07,0.01112934292172363,0.020398327626098726,7.072014657216569e-06,0.01325282382375132,0.00026943942244589555,0.0007960184252984498,74.6538679506963,5,0.5831020104947872,0.18448271015599838,Medium,Hanley Alumnae Scholarship House (0864),5519,ELECTRICITY
253,5164,1.4643557690346845e-05,0.09815118657802406,0.047684430950262466,5.6886889953227185e-05,0.03478268866449208,0.00026943942244589555,0.00016966821118032444,69.08328307195599,5,0.538751456555756,0.18465188864960563,Medium,Pfahl Hall (0253),58031,ELECTRICITY
161,5164,1.1052280568658964e-05,0.09579284608658978,0.039882819303783845,4.8769425904031796e-05,0.039282588886650954,0.00026943942244589555,0.00023374561310809792,69.60962577115323,5,0.5429419663099923,0.1847031447477618,Medium,Ohio Union (0161),317694,ELECTRICITY
248,5164,1.8376199279572348e-05,0.05235835856449846,0.05348057842692944,3.3841000763692586e-05,0.003820074599373139,0.0002767819492022706,4.6514399155150714e-05,72.00555534123738,5,0.5620173068613359,0.1856113613961962,Medium,CBEC (0248),236537,ELECTRICITY
284,5164,1.4338836231588836e-05,0.1319630168981449,0.044658548322413685,4.085108387688445e-05,0.034202855773031025,0.00026943942244589555,0.0002512262486717009,69.92638986820354,5,0.5454639031403229,0.18562513331937952,Medium,Fawcett Center for Tomorrow (0284),182142,ELECTRICITY
362,5164,5.132468446492467e-06,0.033709438179258235,0.0288508345081709,4.535812050441603e-05,0.025719298996602618,0.00026943942244589555,0.0001652712577570134,73.04245340895936,5,0.5702726345662035,0.18619165616012653,Medium,Bulk Chemical Warehouse (0362),16525,ELECTRICITY
282,5164,1.3220580740264793e-06,0.04112202569037469,0.022513464515398998,4.37664234599302e-06,0.008136339355983622,0.00026943942244589555,0.0009655758412084434,75.79775722275693,5,0.5922091552498054,0.18659570714473853,Medium,Galbreath Equine Center (0282),41121,ELECTRICITY
158,5164,0.00016800967188941533,0.6919772890608846,0.22471685195162555,0.00014834664431916266,0.059748175272740296,0.00029025815986370517,9.576618129178183e-05,46.58325879540846,5,0.35961613018905875,0.19025130338758414,Medium,Reactor (0158),4887,ELECTRICITY
846,5164,1.168262426687758e-05,0.0805987834917541,0.04002202048252435,4.7026421539380394e-05,0.028602819286532914,0.00026943942244589555,0.00017607228278876614,73.14847913661637,5,0.571116764914405,0.19051875128313037,Medium,William Hall Complex - Neil Building (0846),129908,ELECTRICITY
14,5164,1.4089245001886583e-05,0.07339810521418702,0.04222544442819791,3.807020699107525e-05,0.014896111190582071,0.00026943942244589555,0.00012096584062867734,75.0113324771664,5,0.5859479862958215,0.19219420189094566,Medium,Jennings Hall (0014),112502,ELECTRICITY
81,5164,1.4035459874867716e-05,0.10053164170450506,0.04720061234721162,4.233689956607409e-05,0.026299628849354325,0.00026943942244589555,0.00018467195648511658,73.20040983491828,5,0.5715302143611444,0.19222185601831818,Medium,Schottenstein Center (0081),626259,ELECTRICITY
357,5164,1.78405220010435e-05,0.1579915904169255,0.05350032220000735,7.20548209696867e-05,0.06269466582834048,0.00026943942244589555,0.00023989466078928054,68.70371169012633,5,0.5357294756668558,0.19247859001626247,Medium,Northwood-High Building (0357),41171,ELECTRICITY
11,5164,2.041914872482475e-06,0.049092156620644346,0.023712781852356722,4.745952069069786e-05,0.11735770511097872,0.00026943942244589555,0.0007352258852190756,67.21383786096432,5,0.5238677535926124,0.19372387079401832,Medium,Arps Hall (0011),129282,ELECTRICITY
851,5164,5.369379523213091e-05,0.27602832269769256,0.09445493463211302,7.216375517412185e-05,0.03366138925617526,0.0002694432998712068,0.00011872661437884234,67.18407549412287,5,0.5236307986794949,0.19385887629968304,Medium,Park-Stradley Hall (0851),271039,ELECTRICITY
280,5164,3.4151772432623673e-06,0.08918927175809514,0.02644848572110206,4.99271432858263e-05,0.1350569816953439,0.00026943942244589555,0.0008028515456202245,65.92950780947784,5,0.5136424809392226,0.19591196315377643,Medium,Baker Systems Engineering (0280),115386,ELECTRICITY
1011,5164,1.2072475084076497e-05,0.06606092511966577,0.042009787356871636,3.881197947685296e-05,0.016423518200777545,0.00026943942244589555,0.00012952821472675857,76.4872538401007,5,0.5976986249525272,0.1960378324752231,Medium,Schumaker Complex (1011),114315,ELECTRICITY
163,5164,1.740498247634669e-05,0.05468348901497461,0.045455231929127794,3.7660579996829646e-05,0.006200547812571157,0.00027470536734708437,5.5527690443128444e-05,77.25477331531043,5,0.603809278434257,0.19633781921572474,Medium,Tzagournis Medical Research Facility (0163),80417,ELECTRICITY
932,5164,5.546891570533964e-06,0.12888395891979706,0.030894729623114108,4.3172291139014805e-05,0.10236854485075758,0.00026943942244589555,0.0007089085834075846,69.1172916136042,5,0.539022217650612,0.1966735566823184,Medium,"Kinnear Rd, 1165 (0932)",104514,ELECTRICITY
133,5164,1.3867526500545724e-05,0.05890290403589076,0.04193256080185128,3.0417965730249272e-05,0.00738291714823764,0.00026943942244589555,8.958955527154872e-05,78.06920007275596,5,0.6102933871269238,0.19752695209898272,Medium,Waterman - South Storage 1 (0133),5450,ELECTRICITY
1037,5164,1.3353087490958115e-05,0.1243425484342166,0.044575513399946406,5.7433487743385004e-05,0.05146857080386148,0.00026943942244589555,0.00025477188276117914,73.21885003194191,5,0.5716770271232772,0.19778112064034667,Medium,Ty Tucker Tennis Center (1037),69848,ELECTRICITY
194,5164,8.760020642051088e-06,0.09555619091333792,0.03599466285270604,6.124660794798594e-05,0.06595426243811826,0.00026943942244589555,0.0003068385359128936,72.83886325307391,5,0.5686517390253217,0.19792851195332484,Medium,Houck House (0194),38462,ELECTRICITY
128,5164,3.501581109961567e-06,0.12039421718459858,0.027166365013696788,1.0852740295229191e-05,0.033897171323533766,0.00026943942244589555,0.0010725018428470604,77.27095185126167,5,0.6039380848427364,0.19796650306424046,Low,"Kinnear Rd, 1260 (0128)",2784,ELECTRICITY
25,5164,3.924877527610852e-06,0.0764640064431657,0.027573452830887597,4.156003043395548e-05,0.08134206222948484,0.00026943942244589555,0.0005864830475845558,72.93970112359935,5,0.5694545659300697,0.1995318936427961,Low,Derby Hall (0025),115334,ELECTRICITY
72,5164,1.1190718812174618e-05,0.055765689142221686,0.03948369647081464,3.025934252418354e-05,0.00972918890589312,0.00026943942244589555,0.0001135845525169526,79.12774481811041,5,0.6187210561863955,0.1999107607065139,Low,Enarson Classroom Building (0072),88768,ELECTRICITY
162,5164,7.329942430410465e-07,0.1244151872959853,0.022364976559847153,5.907873073143484e-07,0.004239200107424811,0.0002709335579463371,0.005517957913076086,81.65047458527108,5,0.6388059243012424,0.2002387639721445,Low,Parking Garage - Ohio Union South (0162),280482,ELECTRICITY
992,5164,1.2234160891205542e-06,0.33515404472774507,0.02459034005011073,2.491155191814238e-06,0.06751494519510737,0.0002709335579463371,0.008935914133708736,74.77499582079561,5,0.5840663774783801,0.2008161386773804,Low,Waterman - Turf Shed 1 (0992),1900,ELECTRICITY
37,5164,7.594401806948415e-06,0.10320282101697877,0.033050804374722416,3.5438785331076186e-05,0.04568356754625759,0.00026943942244589555,0.00039428752399026654,76.60156656361539,5,0.5986087327276559,0.20097789614587647,Low,Hagerty Hall (0037),142496,ELECTRICITY
150,5164,2.813406365358088e-06,0.012774307216173631,0.024984209850701614,1.4594797713563806e-05,0.0005427160115731499,0.00026943942244589555,9.914527624011718e-05,82.86314017704132,5,0.6484606359533471,0.20218400453554397,Low,Evans Laboratory (0150),117574,ELECTRICITY
849,5164,4.702767680918379e-06,0.09050986923613989,0.028212368464247628,5.048518783342437e-05,0.09894690942876186,0.00026943942244589555,0.0005787921068662603,72.18587119374538,5,0.5634529026051938,0.20232312749405285,Low,William Hall Complex - Worthington Building (0849),49975,ELECTRICITY
245,5164,2.1783963037000046e-06,0.04820974905126985,0.023897013914739276,3.579388475048465e-05,0.07943796397009951,0.00026943942244589555,0.0006728833269001056,75.28612089887484,5,0.5881357312066499,0.20357024702797666,Low,Physical Activity and Education Services - PAES (0245),164672,ELECTRICITY
246,5164,1.7633519685052524e-05,0.05231702495369304,0.05154623468138153,5.382365341418761e-05,0.010696649579664033,0.00027540991688149727,4.996385657616816e-05,79.68249494085887,5,0.623137733389455,0.2050868473946534,Low,Recreation and Physical Activity Center (0246),279856,ELECTRICITY
211,5164,1.7643753137469616e-05,0.11335868317228978,0.050436842800709994,5.493327724815734e-05,0.03170067315721331,0.00026943942244589555,0.00016060648593564723,77.64470361846969,5,0.6069137325120914,0.2051544318560341,Low,Adventure Recreation Center (0211),86255,ELECTRICITY
83,5164,9.963682426473687e-07,0.14485279485860914,0.023136023781567063,5.87956644428374e-07,0.002630601809595374,0.0002709335579463371,0.004719181133554086,84.19501172872417,5,0.6590644131829527,0.2060256587117879,Low,Parking Garage - Northwest (0083),228195,ELECTRICITY
61,5164,1.9870233760176517e-05,0.18024826609392877,0.0495354433233485,3.7854037908210154e-05,0.03066220244129775,0.00026943942244589555,0.00024692351441057167,78.31155725689537,5,0.6122229287462801,0.20623010075837464,Low,Page Hall (0061),64665,ELECTRICITY
148,5164,5.735058579656757e-06,0.02769964075906098,0.03028962538402278,1.9484168241609692e-05,0.0035684335591938026,0.00026943942244589555,0.00010858345294668613,83.61339605589525,5,0.6544338442514875,0.20632543679839357,Low,Scott Laboratory (0148),262375,ELECTRICITY
288,5164,2.5894051044333404e-07,0.03955536796099022,0.02047957961606397,4.011204778430827e-07,0.0,0.0002709335579463371,0.004961152633547925,85.74497069799487,5,0.6714045067936384,0.20830939881794294,Low,Parking Garage - Ohio Union North (0288),216738,ELECTRICITY
179,5164,1.377456885059204e-07,4.201530237888728,0.05389796726325241,3.658254285263209e-08,0.11457827034146836,0.0002709335579463371,0.9999999999999998,7.092249290598858,5,0.04520603048227296,0.20837576690902468,Low,Waterman - Laboratory Headquarters (0179),8443,ELECTRICITY
875,5164,8.304002471413867e-07,0.07817306323863504,0.021876673733899735,1.424534617323784e-06,0.007915786029905933,0.0002709335579463371,0.0030385772055147734,84.9164295057205,5,0.6648080251604597,0.20844014275661155,Low,Parking Garage - Ninth Ave E (0875),332400,ELECTRICITY
42,5164,1.0063123372262944e-06,0.05612787240223623,0.021701448942054922,3.398300011764513e-06,0.013941349603531902,0.00026943942244589555,0.001770269670630987,84.68352850466258,5,0.6629537695239833,0.20914744339128913,Low,Hughes Hall (0042),60613,ELECTRICITY
48,5164,2.2948410317038787e-05,0.2206246883816767,0.06322160693871798,5.324375327076995e-05,0.048976089151723856,0.00026943942244589555,0.0002646236545267591,76.08679254640717,5,0.5945103277462084,0.2096032962415879,Low,Pennsylvania Place (0048),11291,ELECTRICITY
869,5164,1.2140856462574947e-05,0.2526953147926168,0.042604574330219774,3.6275074215673714e-05,0.07540203338532289,0.00026943942244589555,0.0006299202423207324,76.01315675591957,5,0.5939240718738085,0.20990359024388733,Low,Pomerene Alumnae Scholarship House (0869),5904,ELECTRICITY
1004,5164,2.1638384570580627e-05,0.13748281851535413,0.05956611604571453,5.9404731964674455e-05,0.03436337876848276,0.00026943942244589555,0.00015828392528388285,78.53852557821543,5,0.6140299509883383,0.21069340739112916,Low,Jameson Crane Sports Medicine Institute (1004),116273,ELECTRICITY
348,5164,2.1859147417486047e-05,0.21636195987860662,0.05632396893049865,5.838495332358311e-05,0.05615088857352066,0.00026943942244589555,0.0002738888542758966,76.82252273910302,5,0.6003678889010992,0.21108636282100093,Low,Jesse Owens Recreation Center South (0348),23535,ELECTRICITY
278,5164,6.267809193622438e-07,0.11034270260077318,0.021935576450635437,5.386567485516416e-07,0.003646967144729183,0.0002709335579463371,0.005724947318750322,87.01609046607415,5,0.6815246049636383,0.21280853830827698,Low,Parking Garage - Arps (0278),323165,ELECTRICITY
73,5164,8.707220005112225e-06,0.0417165693088306,0.035367311661474665,2.6607539408684577e-05,0.007195535058671894,0.00026943942244589555,0.00010731638174539235,85.34225213808223,5,0.6681982382235608,0.21288464618744046,Low,Research Center (0073),119119,ELECTRICITY
154,5164,7.039735322749975e-06,0.31595016748269944,0.03287980546475033,1.6908503223809924e-05,0.07582092432056216,0.00026943942244589555,0.0014149167745740642,78.58562209463001,5,0.614404912798822,0.21335288407539837,Low,Poultry Brooding House 2 (0154),5661,ELECTRICITY
951,5164,1.0981253075494553e-05,0.13092081494079813,0.03724524402014775,4.190680450009257e-05,0.0476434972573925,0.00026943942244589555,0.000339911697121358,81.18928500732102,5,0.6351341351268139,0.21367567481300487,Low,"Kinnear Rd, 1315 (0951)",99809,ELECTRICITY
866,5164,2.0805249403270946e-06,0.10529874040477503,0.024446444079400366,6.01515484153625e-06,0.026429041641012643,0.00026943942244589555,0.001601831459939624,85.33639317430753,5,0.6681515917233148,0.2146269458700587,Low,Parking Garage - Gateway E (0866),390139,ELECTRICITY
228,5164,6.62212659537357e-05,0.6683028747432929,0.10568709913919855,7.251276579034749e-05,0.07287832518868144,0.0002709912790823071,0.0002821111151587109,70.45069197672936,5,0.5496381666064925,0.2148594776881515,Low,Bill Davis Baseball Stadium (0228),42374,ELECTRICITY
39,5164,1.0893877547478886e-05,0.1486319127536014,0.03868311178829857,4.109753784210047e-05,0.05428410751910229,0.00026943942244589555,0.0003960582931213309,80.94442537939224,5,0.6331846701474019,0.21519077020445393,Low,Hayes Hall (0039),43685,ELECTRICITY
85,5164,1.4347689790195595e-05,0.17399334181591672,0.045591128534616485,4.712383428369685e-05,0.05545229747453957,0.00026943942244589555,0.00034658875322444055,80.26020184375317,5,0.6277371824088114,0.21591355596464695,Low,Hale Hall (0085),47001,ELECTRICITY
265,5164,1.4404547772562155e-07,,0.020723868424519867,1.2430485437112744e-08,0.04136470852840171,0.0002709335579463371,0.00030655440974505045,84.98823447983844,5,0.6653797048757912,0.21621823228365555,Low,MacQuigg Laboratory (0265),76345,ELECTRICITY
92,5164,4.192397222291818e-05,0.5102648444378962,0.07555042559240278,6.99091323473821e-05,0.08582113611147314,0.000269629043185168,0.0003483121140881138,74.32025295974174,5,0.580445914236804,0.21830643279374357,Low,Jesse Owens Memorial Stadium (0092),29626,ELECTRICITY
54,5164,9.518060148185575e-06,0.048645804744905416,0.03657019339701961,3.2687283763426704e-05,0.011497845865423913,0.00026943942244589555,0.00011774924491414922,87.25995645197172,5,0.6834661590009391,0.21890302957248073,Low,Mendenhall Laboratory (0054),123671,ELECTRICITY
1029,5164,1.7740492230089062e-05,0.07242038729063094,0.052369725059200276,3.907027660363007e-05,0.010675259886805805,0.00026987629834670834,8.441280836286116e-05,85.61717117494598,5,0.6703870230349771,0.21950850132120914,Low,Central Sterile Supply (1029),60996,ELECTRICITY
260,5164,4.585316986194798e-06,0.09619022258273102,0.02916827705588182,3.497063653429039e-05,0.07307540829494887,0.00026943942244589555,0.0006352774262379462,82.18880702382776,5,0.6430918911024047,0.2200421941351589,Low,Mendoza House (0260),48431,ELECTRICITY
363,5164,1.755627357776547e-05,0.05771208350600852,0.04876325524337699,4.1631328552609085e-05,0.008214552944233877,0.0002745120530013958,6.0287016134414064e-05,87.08329346091591,5,0.6820596457380763,0.22130955158291465,Low,Comprehensive Cancer Center (0363),74390,ELECTRICITY
112,5164,2.157105795480297e-05,0.05735975104176069,0.05343061870354611,6.098538412468356e-05,0.010965855894873103,0.00028070937285132753,4.140782829359093e-05,86.2670273047588,5,0.6755608925594984,0.2214451285268757,Low,Biomedical Research Tower (0112),412630,ELECTRICITY
387,5164,1.2752729567911352e-06,0.16539700477357094,0.02377629371316191,1.5277572831391012e-06,0.014876092361998685,0.0002709335579463371,0.004204738336540667,90.57207075031464,5,0.7098357605846981,0.22443335013033883,Low,Parking Garage - Twelfth Ave (0387),234895,ELECTRICITY
4,5164,9.55637132520783e-07,0.11755970675239905,0.02266724954967957,1.4274977389071805e-06,0.012426631924073733,0.0002709335579463371,0.0039857072570975306,91.10598224046542,5,0.7140865297333688,0.22473064785449762,Low,"Eighteenth Ave, 209 W (0004)",25034,ELECTRICITY
12,5164,1.4335337076516875e-05,0.08770621793710016,0.04643788465520969,4.140180623254902e-05,0.020871459727641345,0.00026943942244589555,0.0001506036356876911,87.80091115700337,5,0.6877730031378342,0.2255037218151767,Low,Ornamental Plant Germplasm Center (0012),18280,ELECTRICITY
1006,5164,2.0397064502155226e-05,0.12350909766004663,0.05587349952406105,5.637537875433122e-05,0.030442886123914915,0.0002694556580860716,0.0001485625030533112,86.56038354813361,5,0.6778964663238979,0.22776399566082445,Low,Covelli Center (1006),124950,ELECTRICITY
182,5164,1.1237207394817854e-05,0.12946721854118629,0.04069601053313282,4.806028015541642e-05,0.053523033079636684,0.00026943942244589555,0.0003268352635929852,86.31743740403789,5,0.6759622356636457,0.2284272574184817,Low,Haverfield House (0182),30311,ELECTRICITY
878,5164,1.4880536442450236e-05,0.0705152422069008,0.04463329938255178,3.584157082009093e-05,0.011800350497421777,0.0002694634129366942,0.00010562509984980412,90.45606668433024,5,0.7089121870825291,0.22902957732885723,Low,Institute for Behavioral Medicine Research (0878),79960,ELECTRICITY
302,5164,9.463672283160718e-06,0.08334856994508993,0.03714718437271712,5.3072380099766484e-05,0.04414349043831487,0.00026943942244589555,0.0002383108103762756,88.21111041133085,5,0.691038829716338,0.22952742345785174,Low,Prior Hall (0302),147486,ELECTRICITY
53,5164,4.5727699368468405e-06,0.026586438354257055,0.02772192766556804,2.2570272362650895e-05,0.007602872872018636,0.00026943942244589555,0.00014068471819648855,93.32470198184402,5,0.7317510033402869,0.22976370022749062,Low,McPherson Chemical Laboratory (0053),117661,ELECTRICITY
86,5164,1.8635084247754797e-06,0.049918781386711346,0.023556381373616774,4.09703920289237e-05,0.11262576394343117,0.00026943942244589555,0.0008247688040298898,82.8854631404084,5,0.6486383615983992,0.2299385791980671,Low,French Field House (0086),91588,ELECTRICITY
70,5164,4.726078695236854e-06,0.0176106132619837,0.028172463959677256,2.3333876629805627e-05,0.002790436457180748,0.00026943942244589555,7.258717066764598e-05,94.00691463929661,5,0.7371824813485859,0.2303149807823743,Low,Physics Research Building (0070),238732,ELECTRICITY
144,5164,1.6294036418936443e-05,0.1274608665704844,0.043190144797301655,2.4668062796423956e-05,0.014313521351818298,0.00026970561234915003,0.0002064463799041777,91.23705387615276,5,0.7151300646179396,0.2311054101195126,Low,Psychology Building (0144),132733,ELECTRICITY
156,5164,1.0882502188012822e-05,0.07731350641135591,0.040522218976856816,3.842942053901682e-05,0.023014114566222474,0.00026943942244589555,0.00018277031958982627,90.81684865706363,5,0.7117845749359138,0.23147298236332534,Low,Animal Science Building (0156),55996,ELECTRICITY
47,5164,1.4632346770324278e-05,0.08527459807298292,0.04699072139585528,4.093932952559859e-05,0.019271881316159107,0.00026943942244589555,0.00014113276633731715,90.59966887356708,5,0.7100554847394444,0.2319530020845803,Low,Mershon Center (0047),36976,ELECTRICITY
97,5164,1.3056729487446084e-06,0.060542296679792364,0.022701330516900105,8.06678470897581e-06,0.03399479344371385,0.0002694527361293157,0.0014635147101794877,92.4959458571023,5,0.7251528105090573,0.23307446787524266,Low,Bradley Hall (0097),70349,ELECTRICITY
78,5164,5.587920519699647e-06,0.12981983032332697,0.031161066500423953,5.3696030425469465e-05,0.12892724072669015,0.00026943942244589555,0.0007088067247286685,82.44210089511304,5,0.6451085058287571,0.2352190028891362,Low,Maintenance Building (0078),51202,ELECTRICITY
231,5164,5.419371577961563e-05,0.48487065847221616,0.09155288272799236,0.00019288148090620895,0.18090561042278577,0.0002705496847704946,0.000244072401137641,69.80472763359228,5,0.5444952817808203,0.2360774628185109,Low,Zoology Research Laboratory (0231),800,ELECTRICITY
149,5164,1.9898945115349587e-05,0.1641237909982833,0.05262992585093969,5.005727097030034e-05,0.03821405643421753,0.00026943942244589555,0.00022006673106155013,90.39469010954129,5,0.7084235337094947,0.23790256198634396,Low,Hopkins Hall (0149),110154,ELECTRICITY
959,5164,2.294049912340557e-05,0.12210854773038779,0.05490018229619145,5.964896324458533e-05,0.027849062388294935,0.00026943942244589555,0.000124662106226713,91.5215821541564,5,0.7173953539933766,0.23866962579987822,Low,Kuhn Honors and Scholars House (0959),9988,ELECTRICITY
390,5164,3.6673670302208385e-05,0.24237265541284136,0.09974984890148357,5.974196436953391e-05,0.03625365211377536,0.00026943942244589555,0.00016660921700858438,85.35045401168057,5,0.6682635379443878,0.23949242046475655,Low,Water Treatment (0390),19518,ELECTRICITY
892,5164,6.648059627348915e-07,0.17133836181783654,0.022245275039135426,1.0702856779818744e-06,0.02332104211129441,0.0002709335579463371,0.008403856701563305,96.07705241107266,5,0.7536640104710972,0.23986362468612793,Low,Parking Garage - W Lane Ave (0892),101308,ELECTRICITY
189,5164,8.539507750053918e-06,0.0674739638809778,0.035819716127736115,4.200238288102764e-05,0.02941150826567016,0.00026943942244589555,0.0002087658401124656,94.68526812551147,5,0.7425832343278502,0.24090507707911035,Low,Drackett Tower (0189),141903,ELECTRICITY
376,3372,0.00033772997011634765,0.12687359135329215,0.6423957300240504,0.0009770003886361445,0.03307780154796109,0.0013263195250780525,1.1131496912305317e-05,18.528356645962965,5,0.13625530217586246,0.24186642977150097,Low,"Chilled Water Plant, East Regional (0376)",34246,ELECTRICITY
1106,5164,2.708020010739123e-05,0.11506586120019618,0.06886263323003976,7.503154504606013e-05,0.02799178111599194,0.00027115571862161754,9.052242839811554e-05,91.25623266385699,5,0.7152827577151776,0.24225514092682293,Low,Curl Hall (1106),27916,ELECTRICITY
222,5164,1.6862173968453828e-05,0.12404776628867904,0.04997490343811882,5.24481433694389e-05,0.03527650813264228,0.00026944402581013775,0.0001909997970123973,92.92900515985308,5,0.7286006387683029,0.242420439664639,Low,Heffner Wetland Research and Education (0222),9167,ELECTRICITY
59,5164,2.0756018466655518e-05,0.1187278630512043,0.054310229322300896,3.940630189514244e-05,0.01783977041538946,0.00026948642975790514,0.00013765417833617584,94.38590996541804,5,0.7401998759345544,0.24283362230765443,Low,Fry Hall (0059),58051,ELECTRICITY
355,5164,7.4483511793311405e-06,0.21651931175531117,0.031655167207105504,3.075130610241084e-05,0.09049967438259644,0.00026943942244589555,0.0008991968477281086,90.34212749321327,5,0.7080050532085461,0.24465786424750385,Low,Weigel Hall (0355),58264,ELECTRICITY
931,5164,3.029068979427621e-06,0.14555260621883487,0.026411822215020114,7.371390271547089e-06,0.0318387929542813,0.0002694411206198012,0.001518352682440021,97.40225870070982,5,0.7642147218072086,0.245375414347605,Low,"Kinnear Rd, 960 (0931)",42405,ELECTRICITY
7,5164,4.100519933005791e-06,0.022282227927219084,0.026838179877401412,1.9470678553382535e-05,0.0048398224377964715,0.00026943942244589555,0.00012828787947299637,100.87219636748274,5,0.791840843840213,0.24683290590665444,Low,Mathematics Tower (0007),61621,ELECTRICITY
987,5164,3.174022437179735e-06,0.18020783962303044,0.02691736294713242,9.554978372560571e-06,0.05230302654991815,0.00026943942244589555,0.0018028882610552663,96.74347523218297,5,0.7589697767267471,0.24911233177880174,Low,Campus Shop (0987),10291,ELECTRICITY
1028,5164,7.675681468850417e-07,0.1278348510678535,0.02223517468111834,1.0941876298731154e-06,0.013146713055705972,0.0002709335579463371,0.005413324580513126,101.87099685386416,5,0.7997928553093582,0.25070708594814645,Low,Parking Garage - Wexner Medical Center (1028),708129,ELECTRICITY
311,5164,3.483108321659397e-05,0.29790552319112634,0.07553496616067769,7.721138160865802e-05,0.06511597436457595,0.0002695365885562951,0.00023011542574123253,90.2319233974318,5,0.7071276565256751,0.25111229771091104,Low,Mount Hall (0311),75660,ELECTRICITY
159,5164,7.069837664571694e-07,0.09963094224474582,0.021801386552258786,9.495274458849727e-07,0.00788392556662093,0.0002709335579463371,0.004573007855744468,102.96455700871053,5,0.8084993017039165,0.2517471390468695,Low,Parking Garage - Lane Ave (0159),445873,ELECTRICITY
385,5164,1.6738532785748684e-05,0.1456156743150778,0.05015329205144166,6.096720946525602e-05,0.05098656702342201,0.00026943942244589555,0.00023479527510494047,96.01406147018258,5,0.7531625042231128,0.2537765999294876,Low,Child Care Center (0385),40376,ELECTRICITY
229,5164,2.007626391528804e-05,0.05384236738793887,0.05579176689225923,4.118217158372936e-05,0.0053444052760901195,0.00027959895252436845,4.182157563830527e-05,100.48034633698273,5,0.7887211057351486,0.2546962363435907,Low,Ice Rink (0229),34135,ELECTRICITY
379,5164,1.0357699903183222e-05,0.028415979737054533,0.038771660478614745,2.8793045121181602e-05,0.0019257641449689409,0.0002790191946557299,4.3713048713644304e-05,104.12828626266736,5,0.8177644036943761,0.2574488172454466,Low,Telecommunications Network Center (0379),30027,ELECTRICITY
22,5164,1.738779611300447e-05,0.1765864063495381,0.05115354378667582,6.899982683023908e-05,0.0695034982272244,0.00026943942244589555,0.0002822961791962497,97.17921588487941,5,0.7624389527184093,0.2614959679352111,Low,Longaberger Alumni House (0022),56976,ELECTRICITY
264,5164,5.223638145773855e-05,0.3387078924548643,0.0920049719809763,0.0001683089805863556,0.11195658228854195,0.00027002528578357217,0.00016299971716980137,87.76844535480848,5,0.6875145246579687,0.2618694445213945,Low,Satellite Communications Facility (0264),3130,ELECTRICITY
261,5164,1.3712785397428797e-05,0.12120396772735016,0.044914293755775755,6.246495521137306e-05,0.05334866222672383,0.00026943942244589555,0.00023933967263822537,104.0249969959144,5,0.8169420598478739,0.27192997258867163,Low,Archer House (0261),34948,ELECTRICITY
382,5164,3.276493501922886e-06,0.08047361275960613,0.02633375891091874,5.3872362426451726e-05,0.1371522925332258,0.00026943942244589555,0.0007521434950262089,97.82228784893553,5,0.7675588096902322,0.2725686652379057,Low,Davis Medical Research Center (0382),43459,ELECTRICITY
394,5164,3.8318148230676826e-05,0.09267397770801902,0.07861581936075086,6.734671250526325e-05,0.011043466635830269,0.00028504634505724076,3.4502889117091966e-05,108.90592270395582,5,0.8558018499056544,0.28309134287224674,Low,Biotechnology Support Facility (0394),24429,ELECTRICITY
171,5164,2.2628484547656292e-05,0.044969027905580855,0.058229506419723395,5.471408614347343e-05,0.005158093152527539,0.000298128634128071,2.2768858161379048e-05,113.80597523856119,5,0.8948139193688605,0.28720596635343126,Low,Dodd Hall (0171),86802,ELECTRICITY
132,5164,2.589585112514467e-05,0.3132345512223632,0.06717592737656956,5.9740558391470704e-05,0.07188072014670957,0.00026943942244589555,0.0003455780236455663,107.23199149507576,5,0.8424747436886766,0.2909172180597981,Low,"Herrick Dr, 393 (0132)",3137,ELECTRICITY
218,4924,0.00014956860446833011,1.284586302513373,0.21475453437849937,0.0001082001610128244,0.09434356928319113,0.0002728802621092481,0.00023475809640296632,87.99034037893023,5,0.6892811555325241,0.2948318130085653,Low,Recreation Service (0218),1062,ELECTRICITY
157,5164,1.7975033426694555e-05,0.04567609018723285,0.051130414768064875,5.406532957243728e-05,0.008272320155386727,0.0002826607678258711,3.79975991960369e-05,122.5222428785892,5,0.9642090199787466,0.30667561010276956,Low,Wiseman Hall (0157),82032,ELECTRICITY
308,5164,2.8605323909752466e-05,0.07766670519422811,0.060395278527278926,4.998365416090634e-05,0.008090450515557545,0.00028174387759354427,4.36510026954516e-05,127.01771529987461,5,0.9999999999999921,0.320147743837475,Low,Rightmire Hall (0308),97650,ELECTRICITY
388,3432,0.00036876447928266466,0.13839018144800197,0.7412881200833445,0.0008943558593636422,0.02932228249786251,0.0014441851619871804,1.5762048382583055e-05,44.54997194162977,5,0.3434279919154297,0.3327477685313553,Low,"Chiller Plant, South Campus Central (0388)",83056,ELECTRICITY
377,5164,6.897921690705887e-05,0.5558974243631384,0.15058887014749742,0.00010441282421271071,0.0847968571131536,0.0002695526954098765,0.00021401424719202724,113.64286163239642,5,0.8935152803666958,0.33446256156962517,Low,Generator Building (0377),4447,ELECTRICITY
69,5164,0.00027041166059845877,0.14027293406923885,0.5388902537253166,0.000466089116891251,0.019618768105207282,0.0008297378716248819,3.1524863341599428e-06,77.81837829202044,5,0.6082964541014441,0.34906117724728014,Low,McCracken Power Plant (0069),110142,ELECTRICITY
304,5164,0.0002697709313121788,1.5973373547485428,0.34190120486906034,0.00029214537187194546,0.18135227957525243,0.00028581137950048135,0.0001559099714553834,91.43467613547936,5,0.7167034463835182,0.36294285176530505,Low,Athletic Maintenance (0304),10120,ELECTRICITY
1056,5164,3.4296937683167562e-06,24.77992764830863,0.22357931545715157,1.2818956135471787e-06,0.9999999999998913,0.0002709335579463371,0.23691701803888016,11.148990985734986,5,0.07750402885825988,0.3758625560004283,Low,Coffey Rd Recreation Complex (1056),2481,ELECTRICITY
