building,n_samples,rmse,mae,r2,mean_residual,std_residual
156,5164,2.382960050419259e-05,2.0251627245705964e-05,0.4760442899480729,-7.82439646172168e-06,2.2510593217449832e-05
222,5164,3.650848787205085e-05,3.0879189533541436e-05,0.4711958204762964,-9.597230531511422e-06,3.522787491498801e-05
12,5164,2.965267992124155e-05,2.5053756071311508e-05,0.46586214957628,7.527840371458819e-06,2.8684009035584704e-05
158,5164,0.0002352054535225171,8.687715644475076e-05,0.46414463711400167,5.325077229580832e-05,0.0002291203317125857
211,5164,4.3146385575057854e-05,3.579155382803389e-05,0.4563008757369724,2.952970040952661e-06,4.30493836749783e-05
846,5164,2.366727401517052e-05,1.8139559614022372e-05,0.4428931476787523,-7.215891270919445e-06,2.2542608069843557e-05
47,5164,3.8532313061108744e-05,3.5934861129004494e-05,0.44024405726585514,1.3456879261586638e-05,3.6109611590627964e-05
29,5164,0.000684895292029295,0.00038647831916719354,0.43999611252671267,0.0002446455497951199,0.0006397729113433529
311,5164,6.927773506754968e-05,6.513557746975255e-05,0.42922873625839086,-1.98499958587392e-05,6.637948102135408e-05
1004,5164,4.2989327185846604e-05,3.762901366808536e-05,0.4165329466976866,5.478302116928423e-06,4.2642966504619165e-05
81,5164,2.4849984870542988e-05,1.9954694668710524e-05,0.41460289871242895,-9.01806194541529e-06,2.3158155376622668e-05
59,5164,3.945326943878029e-05,3.281686781310912e-05,0.4055309646146401,1.5778644758685194e-05,3.616418257883104e-05
1006,5164,3.866108929727615e-05,2.9104423826088192e-05,0.391562000052352,8.754484059147469e-06,3.766050303109516e-05
268,5164,1.7680954566490007e-05,1.438049331688384e-05,0.35034220306670005,-9.715995411275636e-06,1.4773552477994994e-05
297,5164,6.398866374995285e-05,4.889587419657829e-05,0.3477265172841759,3.670948798836717e-05,5.2416549179582006e-05
264,5164,5.681714687886898e-05,3.488945024669018e-05,0.34699910818510693,2.8864983133055594e-06,5.674927266072036e-05
360,5164,2.197914965683824e-05,1.738252551907319e-05,0.34477591204771807,1.2981595562544597e-06,2.194290412280221e-05
136,5164,7.008326837163594e-05,5.480570238623543e-05,0.3427015008078692,4.789153022113338e-05,5.117199352198681e-05
189,5164,2.6509671666392795e-05,2.1292756783714412e-05,0.337131184145417,-1.8033377890754426e-05,1.9432784199142634e-05
385,5164,3.978635244503343e-05,3.319224847552492e-05,0.3294670267548352,-2.171135920622505e-05,3.3343455396966463e-05
144,5164,5.2272862260311285e-05,2.7709327783096406e-05,0.3248459286697165,-2.338376430486978e-05,4.675548123597753e-05
340,5164,1.605114128200139e-05,1.3254220176918056e-05,0.31722895351468916,-7.383798875707341e-06,1.4253350196520627e-05
290,5164,6.193688411505634e-05,4.4349561974907546e-05,0.3080373412672779,3.2729713467713374e-05,5.258782178989929e-05
227,5164,3.808484068554418e-05,3.0427858976464497e-05,0.3019564915002809,-4.888814710960404e-06,3.777341504536878e-05
270,5164,2.0708733017229593e-05,1.733560542931552e-05,0.2854154796930136,-1.3195443424145214e-05,1.5961868123146854e-05
1106,5164,8.06535861408756e-05,7.114074876122984e-05,0.26455958527263057,5.070148905934507e-05,6.273055072585849e-05
61,5164,4.3596646721933724e-05,4.0615224892085806e-05,0.26236275975186263,-2.4949795486032397e-05,3.575503985542393e-05
231,5164,6.854213737600999e-05,4.274100775939034e-05,0.24226765654201143,-2.1529366349820153e-05,6.507942182802457e-05
375,5164,9.818114415442542e-06,7.124733836217061e-06,0.22771803616945896,-1.7342608616099902e-06,9.664667496391155e-06
149,5164,3.2954865274664185e-05,2.8242307328953043e-05,0.22708576718567408,-1.8478571244057023e-05,2.728937085853644e-05
261,5164,3.500495246128933e-05,2.8518022963790297e-05,0.22701486094162637,-2.3952208356118437e-05,2.5529681251758292e-05
304,5164,0.00030401993345590235,9.583665055959587e-05,0.2208090611354273,1.8439037875899053e-05,0.00030348963406698993
253,5164,2.0410411016245516e-05,1.6802740635034435e-05,0.20332739080559803,-6.5214488321949845e-06,1.9342389517624778e-05
310,5164,4.167675922080423e-05,2.414266081559255e-05,0.1995813901340836,1.9739936062416776e-05,3.6708965306210076e-05
851,5164,7.619970983741425e-05,7.230089120104944e-05,0.19657817322339655,3.3014663116346426e-05,6.868290401481025e-05
959,5164,4.942116949143108e-05,4.5542580722240124e-05,0.19184978515737505,2.5903141467466264e-05,4.20930204008658e-05
228,5164,8.451069208568758e-05,5.620882481917332e-05,0.18172824086800765,-2.6778340789280435e-05,8.016371977744791e-05
161,5164,3.142631544630762e-05,2.540166873734072e-05,0.17320974439179004,-2.1388278783163413e-05,2.3027321092770382e-05
295,5164,0.00011236185464875821,8.963075184838408e-05,0.1725924384945765,7.55359528055917e-05,8.319162472415318e-05
1037,5164,3.6846124697616795e-05,3.152795622613835e-05,0.11939360565271517,-2.597559524831189e-05,2.6134988536958082e-05
1011,5164,3.530740247558679e-05,2.8199426482702627e-05,0.06416856566323359,2.0278721425184526e-05,2.8905845938111913e-05
92,5164,6.536621870475285e-05,5.836272906860107e-05,0.04936329291562003,-3.775162328173383e-05,5.336767766092107e-05
1109,5164,4.373152604415863e-05,3.526434223700504e-05,0.04415770686105014,-2.802281291187713e-05,3.357657878942986e-05
377,5164,6.375063473736608e-05,5.445016113659513e-05,0.028548837786257608,-1.3616511035586444e-05,6.228551446768971e-05
1583,5164,2.6707520083427486e-05,2.1374584310953452e-05,0.02661782724428008,-1.3353989764471488e-05,2.3131498028787965e-05
218,4924,0.0001639635191074472,4.86004749087784e-05,0.026131612439629137,-1.4983169334468224e-05,0.00016329407686293206
132,5164,7.750293956664945e-05,7.05288847037326e-05,0.02596870111540206,-6.390193729301203e-05,4.3859098914468164e-05
14,5164,4.399123798943601e-05,3.9303802408390126e-05,0.015181404419715383,2.700753472748719e-05,3.4728311770839394e-05
82,5164,2.6604887226379212e-05,2.4075444307889128e-05,0.00022820554004265858,-1.9373145819808826e-05,1.823638248546874e-05
800,5164,0.00010747156188548715,0.00010747120642792151,0.0,-0.00010747120642792151,2.76437753140944e-07
298,5164,0.00010816266062924979,0.00010816230744286606,0.0,-0.00010816230744286606,2.764377531409439e-07
265,5164,0.00010826936916016025,0.00010826901632187245,0.0,-0.00010826901632187245,2.764377531409439e-07
190,5164,0.00010816266062924979,0.00010816230744286606,0.0,-0.00010816230744286606,2.764377531409439e-07
18,5164,0.00010919563000660041,0.00010919478449330743,0.0,-0.00010919478449330743,4.2975314192994144e-07
91,5164,0.00010747156188548715,0.00010747120642792151,0.0,-0.00010747120642792151,2.76437753140944e-07
186,5164,0.00010826936916016025,0.00010826901632187245,0.0,-0.00010826901632187245,2.764377531409439e-07
1316,5164,0.00013906473349582085,0.00011980255196592898,-0.0009104075991015481,-7.487632296205504e-05,0.00011719725320931287
22,5164,4.330796601994543e-05,3.710905491559286e-05,-0.004655488849021117,-3.0507116583083903e-05,3.0742133489741164e-05
362,5164,1.0550713863082505e-05,9.086314441238786e-06,-0.005545151171136187,-5.5988282802849704e-06,8.943498985180781e-06
130,5164,0.00033157057366460817,0.0002758899362111788,-0.025817089110847347,0.00022916784250158703,0.00023965030136908442
1043,5164,2.49705037160101e-05,1.946991891408256e-05,-0.08014636120031193,1.511779558713952e-05,1.987598586545028e-05
348,5164,4.424120867406997e-05,3.6279775147744816e-05,-0.08085359560372862,-3.0953058722329936e-05,3.16130705587691e-05
390,5164,3.13660972574015e-05,2.81709358103377e-05,-0.11252152623090472,-4.9117403858361056e-06,3.098213590400825e-05
54,5164,4.304411487879736e-05,3.2870833669033284e-05,-0.15600131925266902,2.937051156995101e-05,3.1469996147290564e-05
356,5164,5.376627127175656e-05,4.1508942557791016e-05,-0.20401922684741103,3.878112986301953e-05,3.724385188850344e-05
180,5164,0.00019768659510855817,0.00016291175428553232,-0.21085308241976963,0.00015059952050154005,0.00012807400483474395
347,5164,6.749315820762418e-05,6.0683214404570515e-05,-0.23353767536685965,-4.78773738068513e-05,4.75764837858705e-05
252,5164,2.823387410156619e-05,2.3196952889888478e-05,-0.2424421424416534,-1.9835136168137593e-05,2.0094706134518846e-05
1108,5164,3.3060664551134545e-05,2.7099697770817267e-05,-0.2472922888978506,-2.6115327011903623e-05,2.027502996223296e-05
302,5164,2.8029741165899205e-05,2.3608198477397547e-05,-0.2558609137806893,-2.2288291267051362e-05,1.6998659293137468e-05
284,5164,3.413521690100194e-05,2.873130597474329e-05,-0.26053017944476076,-2.5499193125193383e-05,2.2695901212798363e-05
24,5164,1.8356479259995884e-05,1.6266370751490984e-05,-0.2758089716105925,-1.5790579355693018e-05,9.36135165387924e-06
880,5164,2.0631012416524327e-05,1.78568366679937e-05,-0.30093797487182394,-1.593345439513443e-05,1.3107134414759901e-05
48,5164,3.852317476957456e-05,3.3090895512367565e-05,-0.3427582118657875,-2.8022392046463036e-05,2.6437017271586164e-05
113,5164,6.309753231035017e-05,5.439850387759596e-05,-0.39963273420569756,5.081592666955455e-05,3.7407367651905925e-05
30,5164,3.861845278986037e-05,3.2655220159947305e-05,-0.4059725137591319,-3.2384001829591214e-05,2.104155551793326e-05
279,5148,1.8677118695243346e-05,1.483186351140341e-05,-0.41446336707551246,1.26586091997791e-05,1.3734300764701004e-05
53,5164,1.486751038746462e-05,1.1993700498264375e-05,-0.4199938646153336,1.068422932664594e-05,1.0339768465381051e-05
84,5164,4.182244058362065e-05,3.608640003220506e-05,-0.42189839705163923,-3.388956798669255e-05,2.4509794948535532e-05
306,5164,3.441030793105427e-05,2.8701719873762056e-05,-0.43734349032430164,2.4833189595163893e-05,2.3822088075946506e-05
299,5164,7.48302306358155e-05,6.42271906518861e-05,-0.4703948623281715,6.325781570094949e-05,3.9979015521720646e-05
191,5164,3.433102061436603e-05,2.9395011053787923e-05,-0.47149307234659155,-2.7312078379912012e-05,2.080271984431206e-05
357,5164,2.9169842325944138e-05,2.5160293510314777e-05,-0.5037561390894845,-2.1818071269191632e-05,1.936295614917424e-05
276,5164,2.3106858389663083e-05,1.84107495104734e-05,-0.5126455445356244,1.7399021229406813e-05,1.5206766429851264e-05
878,5164,5.077806345255415e-05,4.102941291715696e-05,-0.5404535085553064,3.990976768001301e-05,3.139766030739868e-05
363,5164,9.878147374667683e-05,8.76735916309176e-05,-0.5900878852952618,8.725755943633585e-05,4.6306728662735544e-05
72,5164,4.349098814521797e-05,3.65553155449347e-05,-0.6106805639525137,3.367446233164216e-05,2.752532203073801e-05
85,5164,4.8535823422482395e-05,4.2428196011124474e-05,-0.6238738655274116,-4.0346764682490136e-05,2.698158097754637e-05
384,5164,4.269615318281201e-05,3.874324160919716e-05,-0.6274873056013295,-3.4164392383494295e-05,2.5610208907558123e-05
1044,2896,5.458471191954739e-05,4.0557343755062824e-05,-0.7455482070976116,-3.7899214693732936e-05,3.928960851563295e-05
388,3496,0.0017328689926368397,0.0014952432793767798,-0.7503861208694302,0.0014952432793767798,0.0008759577393269469
275,5164,3.270965242192252e-05,2.870321550682388e-05,-0.7988253312973252,-2.8665556717082188e-05,1.5756119252117536e-05
105,5164,6.04336082013581e-05,5.081302834462189e-05,-0.8270879335256274,4.892707443756977e-05,3.547683912348626e-05
995,5164,9.989497738030973e-05,8.866578904966674e-05,-0.8307900364785423,8.842233132997734e-05,4.648565677522816e-05
308,5164,0.00017217130248384495,0.00014812073134563183,-0.8467347799595051,0.00014812073134563183,8.777641110584551e-05
371,5164,4.860381195181263e-05,4.092568224567129e-05,-1.0017681147682778,4.0922935443517507e-05,2.6225504338688624e-05
376,3396,0.0016335535227194513,0.0014300605070426914,-1.1111758474318205,0.0014300605070426914,0.000789688348557285
951,5164,4.3399473385987584e-05,3.6931769022114797e-05,-1.1237188490891405,-3.691043808529195e-05,2.28305669395502e-05
56,5164,4.345067987670368e-05,3.959373250967397e-05,-1.137488117819438,-3.7428851190605774e-05,2.207118061116538e-05
303,5164,5.329160115519641e-05,4.6586908459541315e-05,-1.1419822906216979,-4.6248827092502676e-05,2.6479738063644647e-05
249,5164,1.8878865293378658e-05,1.680918456627643e-05,-1.1895159794442849,-1.598599650666775e-05,1.0043854116112911e-05
52,5164,5.262216981644302e-05,4.683492247574961e-05,-1.2022912544837334,-4.592637553786045e-05,2.5690243125312366e-05
251,5164,4.63594907510837e-05,4.126883685995279e-05,-1.264201311869395,-4.109357212184116e-05,2.1461824463654127e-05
250,5164,4.090361256912438e-05,3.704104914183316e-05,-1.2668547972294877,-3.682908332927081e-05,1.7798468678869763e-05
194,5164,3.70012331999147e-05,3.281864952583201e-05,-1.2683631344239963,-3.2673811476437434e-05,1.7365819899282613e-05
850,5164,3.0456232289976213e-05,2.7322309434951553e-05,-1.2880115961651764,-2.6890659236630022e-05,1.4300843854195219e-05
10,5164,3.310413696358571e-05,2.7752262402689412e-05,-1.3030596550713782,2.7743119313662718e-05,1.806284572806583e-05
46,5164,4.307603332965495e-05,3.8571930016450794e-05,-1.3770608313524022,-3.851523554149279e-05,1.9292313319658813e-05
131,5164,6.434007805346107e-05,5.6722543607994214e-05,-1.4582435226353199,5.636239965645784e-05,3.103404668966789e-05
182,5164,4.0447259758625675e-05,3.594336742546413e-05,-1.5049489965404068,-3.5690812954781535e-05,1.9031995042440155e-05
193,5164,3.799947339430833e-05,3.329160291547885e-05,-1.5550089794341035,-3.259864152096336e-05,1.9528502232019922e-05
127,5164,1.8524028851543514e-05,1.7035614571078647e-05,-1.6759135418871232,-1.6608290613553602e-05,8.204715941696733e-06
165,5164,2.25397082800051e-05,2.0797019549341378e-05,-1.7021455916985886,-2.0737624781195694e-05,8.832014108820299e-06
163,5164,9.911913922977049e-05,9.3544181652136e-05,-1.7248283804370583,9.338448135566347e-05,3.3228846227304526e-05
882,5164,0.00024121495482417216,0.00021238503207644325,-1.765218659401691,0.00021238503207644325,0.00011436688969884179
69,5164,0.0011371516248837733,0.0010320345055536274,-1.7790391508885022,0.0010314072526906735,0.00047891263476163796
232,5164,5.4766544691802984e-05,4.942244359667832e-05,-1.7811578052410186,-4.908501262888194e-05,2.4293007930509696e-05
1029,5164,7.250204225944829e-05,6.554917881927023e-05,-1.8368917087159309,6.526861784439087e-05,3.157129510817234e-05
277,5164,4.4076860304087066e-05,3.887613069256048e-05,-1.8455221164987186,3.887388359730431e-05,2.07767750470156e-05
977,5164,2.2157945605665752e-05,1.9984898858160938e-05,-1.856210911142322,-1.9457222968178832e-05,1.0602490102849712e-05
73,5164,4.467494971838339e-05,3.9693799647202107e-05,-1.8651577536092834,3.9693799647202107e-05,2.0502068164984746e-05
350,5164,2.078760045739552e-05,1.9329224295339074e-05,-1.8928877839790772,-1.9328387095746525e-05,7.65173986707933e-06
9,5164,3.237998483483914e-05,2.89215332689764e-05,-1.985964511789088,-2.8686645979944367e-05,1.5019435548116953e-05
1041,5164,2.074163532178485e-05,1.8784481242129292e-05,-2.004580207556875,-1.868181785052749e-05,9.012260865241935e-06
100,5164,3.144000902052946e-05,2.857164918745039e-05,-2.066262317145926,-2.85248517191614e-05,1.3222740232343944e-05
3,5164,4.5017746882620644e-05,4.154901468404907e-05,-2.1029489734721087,-4.1410202573354296e-05,1.765936145631177e-05
217,5164,5.867654115827199e-05,5.294748193813684e-05,-2.113209475666854,-5.273482605521707e-05,2.5731358656948248e-05
67,5164,4.9910465174031234e-05,4.534156474340236e-05,-2.1307231832886933,-4.5316551423338676e-05,2.0917682273685373e-05
1018,5164,1.8159922701857604e-05,1.707150969307328e-05,-2.359893631078122,-1.6896783451291986e-05,6.655079130820275e-06
353,5164,2.874096708338831e-05,2.6460011591662123e-05,-2.8249352219160966,2.6246906310770446e-05,1.1711945213259859e-05
7,5164,2.1726199859605026e-05,1.9959119272698414e-05,-2.8261597606606745,1.9930099428150203e-05,8.650629369277297e-06
112,5164,0.00015289673119744913,0.00014311684414435697,-2.892908225566786,0.00014285811608527802,5.449352371341907e-05
381,5164,4.8938100258979976e-05,4.5712389141657e-05,-2.9478220892024516,-4.5618647804189823e-05,1.7718279344631355e-05
157,5164,0.00016366001964716865,0.00015206254105418164,-2.9483000911979698,0.00015205399355167095,6.053837441383861e-05
274,5164,3.0983736873699325e-05,2.8737105534350945e-05,-3.0862673214631986,-2.8596049914008316e-05,1.1928345791071864e-05
358,5164,3.110123839555186e-05,2.843313834737452e-05,-3.3496302711269834,-2.816076867671281e-05,1.3201965331252286e-05
160,5164,5.463507112415234e-05,5.130804033042608e-05,-3.6048386022883143,-5.130804033042608e-05,1.8776162115888406e-05
39,5164,4.7763179322656425e-05,4.4735253588908076e-05,-3.745439241945294,-4.471079755382215e-05,1.6802397210341542e-05
386,5164,2.788703254360623e-05,2.630414178131221e-05,-3.7941743642453893,-2.6200434572785858e-05,9.552040674440903e-06
102,5164,4.9491950334254864e-05,4.677687720958844e-05,-3.854614043179404,-4.662821716976166e-05,1.6592643728745496e-05
37,5164,4.7601830523554525e-05,4.483983996568949e-05,-3.8907150133964885,-4.4817489415693175e-05,1.6042965818291852e-05
309,5164,3.153347196779736e-05,2.9988903617324617e-05,-3.9494774655450318,-2.9629204002572773e-05,1.0793177619768504e-05
28,5164,3.574318806438152e-05,3.3302595702044496e-05,-4.246092733831209,-3.3259907167039806e-05,1.3091495602205012e-05
271,5164,3.773510116191518e-05,3.562455274732428e-05,-4.276110818805671,-3.562455274732428e-05,1.2444239207675872e-05
55,5164,3.732518845151342e-05,3.479448900879702e-05,-4.380688864925061,-3.446922505422042e-05,1.4320681927787852e-05
281,5164,5.0291918791668815e-05,4.747011282360777e-05,-4.392596948288877,-4.747011282360777e-05,1.661080718990617e-05
881,5164,3.9318198028926514e-05,3.722074868786973e-05,-4.393368070061565,-3.720481058520347e-05,1.2718258094997135e-05
372,5164,3.060823082873022e-05,2.8832651873648798e-05,-4.464316573877493,2.8596093835150887e-05,1.0915598247020371e-05
26,5164,1.916239297202122e-05,1.8419291775648934e-05,-4.494272079974418,-1.8411228205322922e-05,5.313139088249367e-06
246,5164,0.00011065743503788519,0.00010680245091050258,-4.524743079494987,0.00010680245091050258,2.8956290790920442e-05
60,5164,5.696220155939684e-05,5.391669469405517e-05,-4.548798799590762,-5.391645913376254e-05,1.8378608494607182e-05
294,5164,3.610583772171768e-05,3.388208437715222e-05,-4.590430531034346,-3.388208437715222e-05,1.2476618945537271e-05
394,5164,0.00017446140619033643,0.00016258615856699736,-4.604988339119874,0.00016253235247982902,6.340974110962454e-05
133,5164,6.850504103401346e-05,6.483222661755232e-05,-4.812591191259261,6.368984328993996e-05,2.5232276917346064e-05
148,5164,4.073809789125453e-05,3.8366680910649565e-05,-4.991134564879132,3.835815174260842e-05,1.3721562412634218e-05
1103,5164,4.827031356079211e-05,4.6365424559202045e-05,-5.362350743931241,-4.6365424559202045e-05,1.342778807400874e-05
49,5164,3.493824999942974e-05,3.316350841475196e-05,-5.707812785384958,-3.315964827087291e-05,1.1006475304008863e-05
63,5164,5.709308940235892e-05,5.486840482647115e-05,-6.43137646805775,-5.4844709145172345e-05,1.5865922062554047e-05
229,5164,0.00013343475564107625,0.0001276411495934429,-6.507942129479193,0.0001276411495934429,3.889555124990746e-05
921,5164,4.786097967585068e-05,4.630481235777074e-05,-6.51928880400097,-4.6302991141798834e-05,1.2113414126689964e-05
338,5164,4.385154512852678e-05,4.2133761772348703e-05,-6.558284150145449,-4.2133761772348703e-05,1.2154535666520945e-05
184,5164,4.877438509526082e-05,4.703567959761827e-05,-6.826155623260798,-4.703268345896734e-05,1.2918964660848323e-05
176,5164,3.9317718679083445e-05,3.801066891580787e-05,-7.374945626590376,-3.801066891580787e-05,1.0054433197628885e-05
293,5164,3.426754494828826e-05,3.281073475569364e-05,-7.392051664695526,-3.281073475569364e-05,9.886316230891857e-06
40,5164,6.046483487877082e-05,5.8059955636874424e-05,-7.401677926210571,-5.7858184372104905e-05,1.7563783646376845e-05
50,5164,3.978946147719397e-05,3.8385090472454824e-05,-7.62942329726614,-3.8385090472454824e-05,1.0478899659540037e-05
226,5164,4.725671400237072e-05,4.5783132138231684e-05,-8.054524398262258,-4.577102833667697e-05,1.175741266699029e-05
90,5164,6.198141409608026e-05,5.997695605550025e-05,-8.734004890513766,-5.997695605550025e-05,1.5636744680130207e-05
17,5164,3.629986893507579e-05,3.49652138256037e-05,-8.886135745930835,-3.49652138256037e-05,9.753600828825e-06
869,5164,6.563003555360118e-05,6.312736141684626e-05,-9.0450140918399,-6.311020072471529e-05,1.801296654469421e-05
64,5164,8.163577397691527e-05,8.047107529043438e-05,-9.0685425793839,7.976451372955482e-05,1.7380461434372885e-05
267,5164,4.109207964867566e-05,4.007770181168572e-05,-9.214364469604323,-4.007770181168572e-05,9.074842964173204e-06
260,5164,6.69338726397394e-05,6.465731505854645e-05,-9.246975041288216,-6.465731505854645e-05,1.730990870549095e-05
248,5164,0.00012639170997006332,0.0001228835935150967,-9.831950488816718,0.0001228835935150967,2.957458655135722e-05
379,5164,0.00011988805149073622,0.00011685808616846386,-10.44005324831075,0.00011685808616846386,2.6785658932629345e-05
171,5164,0.00023938338226985124,0.00023267015047540937,-11.179167768060402,0.00023267015047540937,5.6299365680820556e-05
266,5164,3.314373164501611e-05,3.228147938850839e-05,-11.932727719989387,3.2280329813885386e-05,7.516528137713811e-06
106,5164,5.2274247233068695e-05,5.129511935495078e-05,-11.955819772942759,-5.129511935495078e-05,1.0071111923326942e-05
1110,5164,4.75394985653996e-05,4.6870927820307085e-05,-12.578427180178325,-4.6870927820307085e-05,7.94558207893078e-06
307,5164,2.9491941060480914e-05,2.8440977136310923e-05,-13.03765950716277,-2.8440977136310923e-05,7.803665785259018e-06
263,5164,5.531511895874266e-05,5.4269774977561635e-05,-13.622785515424074,-5.4269774977561635e-05,1.0704022457702757e-05
87,5164,5.005810442802361e-05,4.93017751666954e-05,-13.657380832016177,-4.93017751666954e-05,8.669679324811858e-06
230,5164,0.0006863625693487055,0.0006719735805604957,-14.09009950846147,0.0006719735805604957,0.00013981727088466312
146,5164,4.344037251473809e-05,4.274247968292345e-05,-14.396698519909657,-4.274247968292345e-05,7.756161697590959e-06
99,5164,4.70115717585546e-05,4.641822312175899e-05,-15.27621311349904,-4.641822312175899e-05,7.446286234233719e-06
147,5164,0.00017356715571362116,0.00016913563979731663,-15.583055889961603,0.00016913563979731663,3.897418430422642e-05
185,5164,6.259299087660684e-05,6.12151283886601e-05,-15.76149505349829,-6.12151283886601e-05,1.3062297049740187e-05
254,5164,3.333882033207568e-05,3.2402630292704164e-05,-15.835684823088904,-3.2402630292704164e-05,7.845916895602837e-06
98,5164,5.641889330181996e-05,5.546082012090151e-05,-16.78941702933159,-5.546082012090151e-05,1.0354212374763455e-05
38,5164,4.928444692151394e-05,4.8787223265137896e-05,-16.91688410683922,-4.8787223265137896e-05,6.983766837974396e-06
1054,5164,3.866476637993806e-05,3.7915237381588194e-05,-18.285833117009567,-3.7879180342066755e-05,7.755224208072462e-06
155,5164,6.935999913373684e-05,6.796714426428336e-05,-18.62964973159615,-6.796714426428336e-05,1.3831624199429727e-05
1,5164,6.754447004791693e-05,6.603580253188692e-05,-20.493597043829855,-6.603580253188692e-05,1.4197438190958697e-05
354,5164,6.824700178088158e-05,6.723981697290286e-05,-20.941135773114233,6.712747721205214e-05,1.2311962040775213e-05
339,5164,4.9355329783953134e-05,4.896511576747626e-05,-21.04040762494206,-4.896511576747626e-05,6.194630490554442e-06
66,5164,6.214032023860787e-05,6.125135834361125e-05,-21.271358847327377,-6.125135834361125e-05,1.0474337492946667e-05
852,5164,5.376085951492535e-05,5.317373208404098e-05,-21.599089307829175,-5.317373208404098e-05,7.924417483638159e-06
1101,5164,4.910296478127248e-05,4.874645723427959e-05,-22.163371706918106,-4.874645723427959e-05,5.906844670842038e-06
25,5164,6.040069145721322e-05,5.9502147232146485e-05,-23.28256011466252,-5.9502147232146485e-05,1.038069701895138e-05
65,5164,5.756974844928759e-05,5.686910542572441e-05,-25.799568860838512,-5.686910542572441e-05,8.95523949846316e-06
964,5164,7.876918649733806e-05,7.747224567618828e-05,-25.985998811551035,-7.746358643342957e-05,1.4283452869677802e-05
1025,5164,6.25391682667788e-05,6.157956667207426e-05,-26.35698077172292,-6.157956667207426e-05,1.0914559305914321e-05
355,5164,7.580080133322928e-05,7.467035880202608e-05,-27.612180717992178,-7.467035880202608e-05,1.3043463685086679e-05
373,5164,4.972429106064839e-05,4.938881465914037e-05,-28.780399579377388,-4.938881465914037e-05,5.766849063771199e-06
80,5164,5.707830554614422e-05,5.6543661048133886e-05,-29.925462861098136,5.644750667920501e-05,8.463204117922866e-06
187,5164,6.338459409651768e-05,6.264317378127183e-05,-31.452329730192943,-6.264317378127183e-05,9.667349445791889e-06
1105,5164,5.80887217935635e-05,5.73902887420456e-05,-33.37993809415412,-5.73902887420456e-05,8.981646804556625e-06
78,5164,6.645896795245748e-05,6.562825280783475e-05,-34.805002691230165,-6.562825280783475e-05,1.0476073082739363e-05
1104,5164,5.6554542206978827e-05,5.5998311651488526e-05,-36.123103030907,-5.5998311651488526e-05,7.913119624458243e-06
1102,5164,5.404260583827924e-05,5.363086446422592e-05,-36.437384467350014,-5.363086446422592e-05,6.658994624299313e-06
932,5164,6.630167353778951e-05,6.548446453298072e-05,-37.31146656452884,-6.548446453298072e-05,1.0378712737588354e-05
41,5164,5.327811546136431e-05,5.291153969943723e-05,-40.707944174701396,-5.291153969943723e-05,6.239719005826006e-06
1107,5164,6.0996489037674746e-05,6.032307613159953e-05,-40.72421937643698,-6.032307613159953e-05,9.039578791153895e-06
902,5164,8.564438351106399e-05,8.477359521962657e-05,-43.32409079010939,-8.477359521962657e-05,1.2183050649031386e-05
272,5164,4.737941865029984e-05,4.726586646067617e-05,-47.833921412134465,-4.726586646067617e-05,3.2786065543743916e-06
70,5164,8.650361463499982e-05,8.61805222494242e-05,-48.4050917938814,8.61805222494242e-05,7.470189826075634e-06
847,5164,6.210035014366176e-05,6.15128551792007e-05,-49.89445643627635,-6.15128551792007e-05,8.522687460392798e-06
848,5164,6.0805734238754857e-05,6.02399549469695e-05,-51.14747554738177,-6.02399549469695e-05,8.276376556439315e-06
382,5164,6.825657961321934e-05,6.765221943720062e-05,-53.71741632972804,-6.765221943720062e-05,9.063871946262781e-06
5,5164,4.78348799921927e-05,4.7660132820843165e-05,-55.41126194450831,-4.7660132820843165e-05,4.08542721099334e-06
280,5164,7.05184116418965e-05,6.991017458259977e-05,-56.67771533845891,-6.991017458259977e-05,9.242857446901495e-06
337,5164,4.778796469922079e-05,4.7627625209686685e-05,-58.17213398908446,-4.7627625209686685e-05,3.911757936962576e-06
849,5164,5.6606047293831726e-05,5.6206986414293146e-05,-60.568014406310446,-5.6206986414293146e-05,6.71028971430276e-06
150,5164,5.0347919485710876e-05,4.995170503454173e-05,-60.940465530665584,4.995170503454173e-05,6.3045902157260135e-06
95,5164,6.935214732748845e-05,6.890546031744398e-05,-72.45221043961241,-6.890546031744398e-05,7.85937904679925e-06
76,5164,7.078789312835508e-05,7.032779443418008e-05,-73.98297426442541,-7.032779443418008e-05,8.058518414918095e-06
11,5164,6.80223114263308e-05,6.761211166913623e-05,-80.32658707405352,-6.761211166913623e-05,7.459757607344134e-06
154,5164,8.515679733388297e-05,8.477002817101088e-05,-111.49295816256469,-8.477002817101088e-05,8.107723821101042e-06
245,5164,6.244536403995323e-05,6.217869288141246e-05,-112.8706954324483,-6.217869288141246e-05,5.765420932345029e-06
89,5164,4.775132493965858e-05,4.768196563862811e-05,-113.73050827898317,-4.768196563862811e-05,2.5730270834606685e-06
88,5164,7.338369832376962e-05,7.313790267287749e-05,-142.0485595808173,-7.313790267287749e-05,6.001778716408598e-06
153,5160,0.00010734863170226777,0.00010700446619887923,-156.4549594346452,-0.00010700446619887923,8.589950040313605e-06
931,5164,8.868997250704579e-05,8.849067412203192e-05,-205.691600733635,-8.849067412203192e-05,5.942950119917691e-06
174,5164,4.720661067543781e-05,4.709278971473845e-05,-212.04607267862247,-4.709278971473845e-05,3.276480920747482e-06
128,5164,7.805588235400335e-05,7.79045888795275e-05,-255.88401167024733,-7.79045888795275e-05,4.858021381848305e-06
983,5164,0.0001058948357399792,0.00010569405028285832,-269.17807111184226,-0.00010569405028285832,6.518604125540343e-06
86,5164,7.18189991646291e-05,7.169617146266722e-05,-270.084715936236,-7.169617146266722e-05,4.198934725478951e-06
97,5164,8.78562195973724e-05,8.773519971731253e-05,-319.5545437538278,-8.773519971731253e-05,4.610224326354101e-06
987,5164,8.993791047455643e-05,8.985808569011485e-05,-560.31959050958,-8.985808569011485e-05,3.788793534980949e-06
170,5164,8.119088735457757e-05,8.113221831569967e-05,-640.8869299513832,-8.113221831569967e-05,3.08628986545144e-06
866,5164,8.766789339714699e-05,8.76061895926241e-05,-753.7498314312052,-8.76061895926241e-05,3.2889470172329274e-06
1056,5164,0.00010708106683991544,0.00010703863322672961,-1275.5474352855688,-0.00010703863322672961,3.014570007970562e-06
282,5164,7.577636839325339e-05,7.575490146301453e-05,-1601.0530026583942,-7.575490146301453e-05,1.803757534109211e-06
42,5164,9.13939138284926e-05,9.137256975278599e-05,-1931.2241445028117,-9.137256975278599e-05,1.9752815564133144e-06
387,5164,0.0001004719450407995,0.00010045193228500281,-3108.8820132497945,-0.00010045193228500281,2.0054474087486034e-06
287,5164,9.932797564748672e-05,9.931670056252414e-05,-4763.539766063475,-9.931670056252414e-05,1.4967195484479008e-06
4,5164,9.978387675582491e-05,9.977558411977128e-05,-5653.33155072141,-9.977558411977128e-05,1.2865436276162815e-06
352,5164,9.947218447494607e-05,9.946289977738818e-05,-5850.523376593659,-9.946289977738818e-05,1.3591945551587542e-06
992,5164,0.00010284094060760825,0.00010283358055675623,-7093.369223950361,-0.00010283358055675623,1.2304747585822833e-06
875,5164,9.67480343782142e-05,9.674190950210339e-05,-9185.771591446395,-9.674190950210339e-05,1.088729292533208e-06
83,5164,0.00010129046947972665,0.00010128381922577698,-9344.873251630217,-0.00010128381922577698,1.1607891244358303e-06
359,5164,0.00010064564591613144,0.00010064060187195177,-10820.875132408884,-0.00010064060187195177,1.0077169122327437e-06
1028,5164,0.00010248353876923211,0.00010247915043539585,-14069.758106578525,-0.00010247915043539585,9.484824267797535e-07
958,5156,0.00010490622999403628,0.00010490227206487816,-15351.295435733118,-0.00010490227206487816,9.113551863238186e-07
159,5164,0.00010033472651421571,0.00010033105941927381,-16926.99450910745,-0.00010033105941927381,8.579061803986417e-07
162,5164,0.00010147536427562528,0.00010147298013073016,-26155.68813418133,-0.00010147298013073016,6.956665693981534e-07
892,5164,0.00010428446128434524,0.00010428223087576492,-31206.024744043098,-0.00010428223087576492,6.82113656421267e-07
278,5164,0.00010248403679597414,0.00010248199597152235,-38317.72870639697,-0.00010248199597152235,6.46823554137247e-07
288,5164,0.00010161704487474183,0.00010161602753722337,-199560.46799501785,-0.00010161602753722337,4.5474902461394893e-07
178,5164,0.00010605557561942951,0.00010602491194397864,-866406.3204732056,-0.00010602491194397864,2.550377778197679e-06
179,5160,0.00010718611898534469,0.00010718576797128053,-56881444.459969886,-0.00010718576797128053,2.7433944843334324e-07
103,5164,4.442716496301736e-05,4.442508677146998e-05,-1.0746242298596252e+31,-4.442508677146998e-05,4.29753141929948e-07
864,5164,6.826664440679211e-05,6.826524402295273e-05,-2.5373275767715637e+31,-6.826524402295273e-05,4.373031926228837e-07
