building,composite_z,mean_z,n_utilities,min_r2,mean_r2,grossarea,utilities
376,19.340166731950177,6.446722243983392,3,-1.129055215728859,-0.007993281742804855,34246,"COOLING, ELECTRICITY, HEAT"
388,14.241020166493902,4.747006722164634,3,0.8404764514174412,0.881180854505836,83056,"COOLING, ELECTRICITY, HEAT"
882,9.90265851791805,4.951329258959025,2,-1.420614060473492,-0.2700929609803502,41461,"ELECTRICITY, GAS"
390,8.25929378027732,4.12964689013866,2,-0.5206408273643541,0.12376059279438634,19518,"ELECTRICITY, HEAT"
250,5.588710941775288,1.8629036472584293,3,0.4114018322651284,0.7515571160039465,69508,"COOLING, ELECTRICITY, HEAT"
29,3.8525947716299958,1.9262973858149979,2,0.1382991710565287,0.48941318069502615,5417,"ELECTRICITY, GAS"
69,3.5960314579577832,0.8990078644894458,4,0.7036608888665806,0.8244198013859129,110142,"COOLING, ELECTRICITY, HEAT, STEAM"
1106,3.4314865653627367,0.8578716413406842,4,0.0549332955795039,0.5789668553983847,27916,"COOLING, ELECTRICITY, GAS, HEAT"
371,3.344915772476524,0.6689831544953048,5,0.1790168732293308,0.5940270012274421,110310,"COOLING, ELECTRICITY, GAS, HEAT, STEAM"
230,3.309158238766405,3.309158238766405,1,0.1147971019138087,0.1147971019138087,938,ELECTRICITY
362,2.783842854515162,1.391921427257581,2,0.5077658798987923,0.6346477855118611,16525,"ELECTRICITY, GAS"
53,2.5055439251923017,0.5011087850384603,5,-6.849744211380997,-0.8836000169178163,117661,"COOLING, ELECTRICITY, GAS, HEAT, STEAM"
7,2.2616521369224443,0.7538840456408148,3,0.7603033063280142,0.8580041671254026,61621,"COOLING, ELECTRICITY, HEAT"
307,2.06666952665506,1.03333476332753,2,0.0514170421490972,0.33715665351373314,81611,"ELECTRICITY, GAS"
358,1.9998482832461844,0.9999241416230922,2,0.3994869584451994,0.5200014154120284,25545,"ELECTRICITY, GAS"
1018,1.723237107426163,0.43080927685654075,4,-139.2998040163699,-34.274668142618445,124191,"COOLING, ELECTRICITY, HEAT, STEAM"
310,1.1779101594160062,0.5889550797080031,2,0.0373193144086769,0.4297303850836267,59654,"ELECTRICITY, GAS"
304,0.9301287322450297,0.46506436612251484,2,0.291868587453001,0.3381586117448786,10120,"ELECTRICITY, GAS"
222,0.7990600375582508,0.3995300187791254,2,0.0953154042260462,0.4904438860419966,9167,"ELECTRICITY, GAS"
130,0.7209061142354376,0.3604530571177188,2,0.0864845028107137,0.43170209051746544,8977,"ELECTRICITY, GAS"
270,0.6584267278873626,0.3292133639436813,2,0.4142143827458846,0.6498206763788024,202623,"ELECTRICITY, GAS"
91,0.6561248021019452,0.3280624010509726,2,0.0,0.0530852246316776,25443,"ELECTRICITY, GAS"
10,0.5269876514588283,0.1756625504862761,3,0.0124564079479262,0.5661634621108927,35173,"ELECTRICITY, GAS, HEAT"
186,0.4774472449791184,0.2387236224895592,2,-2.6666334029995515,-1.3333167014997758,35831,"ELECTRICITY, HEAT"
265,0.3911827520862969,0.13039425069543228,3,0.0,0.0,76345,"COOLING, ELECTRICITY, HEAT"
1056,0.3159589882673196,0.3159589882673196,1,-9.462047451646743,-9.462047451646743,2481,ELECTRICITY
247,0.31247697088814885,0.31247697088814885,1,0.4948875438433283,0.4948875438433283,126374,HEAT
105,0.2586346677493496,0.08621155591644987,3,0.364521400064669,0.6269471672396782,36868,"ELECTRICITY, GAS, HEAT"
958,0.22740811797410576,0.22740811797410576,1,-78.67742742353589,-78.67742742353589,3667,ELECTRICITY
18,0.19174274830042332,0.04793568707510583,4,0.0,0.0,115368,"COOLING, ELECTRICITY, GAS, HEAT"
394,0.1786883689027463,0.08934418445137315,2,0.2757581360896805,0.5024658668668738,24429,"ELECTRICITY, GAS"
179,0.1268830707159507,0.06344153535797535,2,-407283.3052814424,-203641.60003721772,8443,"ELECTRICITY, GAS"
992,0.10955397422928939,0.10955397422928939,1,-20.05948235071231,-20.05948235071231,1900,ELECTRICITY
892,0.09543130670022137,0.09543130670022137,1,-78.51041118294661,-78.51041118294661,101308,ELECTRICITY
218,0.07854052567160777,0.07854052567160777,1,0.1889089134011287,0.1889089134011287,1062,ELECTRICITY
983,0.06944707331823338,0.03472353665911669,2,-0.958291664360796,-0.515308875911975,7573,"ELECTRICITY, GAS"
280,0.06938669349861415,0.023128897832871382,3,0.8567277459295941,0.9127943016071284,115386,"COOLING, ELECTRICITY, HEAT"
182,0.06258046312394651,0.031290231561973254,2,0.0,0.40114913089813287,30311,"ELECTRICITY, HEAT"
178,0.05672051164291092,0.02836025582145546,2,-6805.545871368424,-3402.762059142483,2753,"ELECTRICITY, GAS"
144,0.05265646615652862,0.013164116539132156,4,0.0,0.45344100147549754,132733,"COOLING, ELECTRICITY, GAS, HEAT"
1316,0.048824903222197895,0.048824903222197895,1,0.5354171274148058,0.5354171274148058,1116,ELECTRICITY
3,0.017369917067967117,0.008684958533983558,2,-5611.814131765109,-2805.4642714521624,99238,"ELECTRICITY, HEAT"
1109,0.01689263924796297,0.00563087974932099,3,-0.2415961746710255,0.4902001958168008,29520,"COOLING, ELECTRICITY, HEAT"
800,0.016022507193179047,0.008011253596589524,2,0.0,0.0647693793270069,27220,"ELECTRICITY, GAS"
384,0.009558227185572254,0.004779113592786127,2,0.0984477901260981,0.3982484536389823,6360,"ELECTRICITY, GAS"
158,0.0027863529308079504,0.0013931764654039752,2,0.064379248604256,0.395236407526254,4887,"ELECTRICITY, GAS"
261,0.0018214133337829952,0.0009107066668914976,2,0.1538272431478351,0.5157952947590642,34948,"ELECTRICITY, HEAT"
78,0.0010470624836400322,0.0005235312418200161,2,0.0,0.37189986875152964,51202,"ELECTRICITY, HEAT"
190,-0.006755346334399226,-0.003377673167199613,2,0.0,0.2138794583808009,111504,"ELECTRICITY, STEAM"
278,-0.007809291103804954,-0.007809291103804954,1,-43.14312677984668,-43.14312677984668,323165,ELECTRICITY
987,-0.00799546586061467,-0.003997732930307335,2,0.170005020789868,0.2330902949099887,10291,"ELECTRICITY, GAS"
184,-0.011486618597235071,-0.0057433092986175355,2,-0.4182873049351447,0.16215953096734317,35922,"ELECTRICITY, HEAT"
162,-0.01992161497902176,-0.01992161497902176,1,-26.54334485267581,-26.54334485267581,280482,ELECTRICITY
153,-0.024147202289531655,-0.012073601144765828,2,-0.1780001004198355,-0.0549812659333351,10229,"ELECTRICITY, GAS"
1028,-0.02484393122889696,-0.02484393122889696,1,-12.867677658898996,-12.867677658898996,708129,ELECTRICITY
363,-0.02694125036506101,-0.013470625182530505,2,0.8680398530403388,0.9088887135519281,74390,"ELECTRICITY, HEAT"
42,-0.027849079582536435,-0.013924539791268217,2,0.0,0.38131667892455734,60613,"ELECTRICITY, HEAT"
56,-0.033853662537007057,-0.016926831268503528,2,0.7072081364546401,0.7137031348456604,59254,"ELECTRICITY, GAS"
185,-0.04486211260560426,-0.02243105630280213,2,-6.374397930275928,-2.792237554255393,30286,"ELECTRICITY, HEAT"
288,-0.05747119835032489,-0.05747119835032489,1,-126.50880243191052,-126.50880243191052,216738,ELECTRICITY
92,-0.062179863343795244,-0.062179863343795244,1,0.607664209592842,0.607664209592842,29626,ELECTRICITY
298,-0.06304442346318598,-0.021014807821061993,3,-3.504302099355013,-0.9018878117206616,111496,"ELECTRICITY, GAS, HEAT"
83,-0.06327893033214263,-0.06327893033214263,1,-5.3909923899731655,-5.3909923899731655,228195,ELECTRICITY
26,-0.065055560373663,-0.021685186791221,3,0.7707376506986426,0.8482810625246472,100348,"COOLING, ELECTRICITY, HEAT"
159,-0.07973835786214459,-0.07973835786214459,1,-7.738373211918285,-7.738373211918285,445873,ELECTRICITY
263,-0.08720314439271376,-0.04360157219635688,2,0.5134600420164354,0.6797625017352397,58446,"ELECTRICITY, GAS"
359,-0.09180420924371609,-0.09180420924371609,1,-3.8032945789686288,-3.8032945789686288,371919,ELECTRICITY
387,-0.09587569210009612,-0.09587569210009612,1,-0.596580836807354,-0.596580836807354,234895,ELECTRICITY
870,-0.09624256623715358,-0.09624256623715358,1,0.0,0.0,2010690,COOLING
287,-0.10652664961343611,-0.10652664961343611,1,-1.01237388743154,-1.01237388743154,325700,ELECTRICITY
357,-0.10842663991630773,-0.054213319958153865,2,0.433592475727917,0.5135692932639276,41171,"ELECTRICITY, GAS"
40,-0.11145583997932164,-0.05572791998966082,2,0.2539504246465531,0.403758560782732,6396,"ELECTRICITY, HEAT"
228,-0.11347428667164927,-0.11347428667164927,1,0.4973890021142948,0.4973890021142948,42374,ELECTRICITY
193,-0.1153534200291435,-0.05767671001457175,2,0.4774371757005191,0.6422107442769722,26562,"ELECTRICITY, GAS"
106,-0.1158911387662012,-0.0579455693831006,2,0.8601739191716513,0.8633862464241949,135883,"ELECTRICITY, HEAT"
176,-0.11843355136804762,-0.11843355136804762,1,0.9220955006744924,0.9220955006744924,70620,ELECTRICITY
959,-0.1256464159148258,-0.1256464159148258,1,0.8252863804102765,0.8252863804102765,9988,ELECTRICITY
187,-0.12767717157689107,-0.04255905719229702,3,0.0,0.6120766019931082,28896,"COOLING, ELECTRICITY, HEAT"
377,-0.13536314145522382,-0.13536314145522382,1,-0.1374575749516398,-0.1374575749516398,4447,ELECTRICITY
356,-0.13828588660137936,-0.06914294330068968,2,0.8505564914676547,0.8561709702511385,90747,"ELECTRICITY, HEAT"
1011,-0.13967123135491172,-0.13967123135491172,1,0.8896654038673973,0.8896654038673973,114315,ELECTRICITY
352,-0.14052826650791844,-0.14052826650791844,1,-0.2790606024073629,-0.2790606024073629,221080,ELECTRICITY
260,-0.14304948530055508,-0.07152474265027754,2,0.6274382660787656,0.7873854583502831,48431,"ELECTRICITY, GAS"
231,-0.14326257162741865,-0.14326257162741865,1,0.5262160973113512,0.5262160973113512,800,ELECTRICITY
133,-0.14488586775975862,-0.14488586775975862,1,0.7605393486199871,0.7605393486199871,5450,ELECTRICITY
132,-0.14534465536625724,-0.14534465536625724,1,0.8911093647261278,0.8911093647261278,3137,ELECTRICITY
39,-0.14701651495710116,-0.14701651495710116,1,0.7511297467614433,0.7511297467614433,43685,ELECTRICITY
264,-0.1487850045369415,-0.1487850045369415,1,0.4479674602073045,0.4479674602073045,3130,ELECTRICITY
251,-0.15020765603410058,-0.050069218678033524,3,0.6306987889469876,0.8050260644155912,62748,"COOLING, ELECTRICITY, HEAT"
174,-0.15063103695337776,-0.15063103695337776,1,-0.0986823200646105,-0.0986823200646105,6703,ELECTRICITY
382,-0.16593832113251117,-0.16593832113251117,1,0.868761240164252,0.868761240164252,43459,ELECTRICITY
867,-0.16737100293245605,-0.16737100293245605,1,0.0639209407583349,0.0639209407583349,19356,GAS
847,-0.1686425345499679,-0.1686425345499679,1,0.2484766394447646,0.2484766394447646,19381,ELECTRICITY
880,-0.1709463679587319,-0.1709463679587319,1,0.8373189661082526,0.8373189661082526,174609,ELECTRICITY
227,-0.1733820530980189,-0.08669102654900945,2,0.3827865816665096,0.40197240454357863,42008,"ELECTRICITY, GAS"
868,-0.17349540390042012,-0.17349540390042012,1,0.0592153813335802,0.0592153813335802,19344,GAS
191,-0.17356800982611756,-0.17356800982611756,1,0.8136904134438729,0.8136904134438729,45239,ELECTRICITY
302,-0.17418979728211892,-0.058063265760706306,3,-13314.88751081548,-4438.081716951167,147486,"ELECTRICITY, GAS, HEAT"
211,-0.1782917685332953,-0.1782917685332953,1,0.9090404030000732,0.9090404030000732,86255,ELECTRICITY
1,-0.17843609393603266,-0.05947869797867755,3,-199041.6774799941,-66346.70380316835,74140,"COOLING, ELECTRICITY, HEAT"
848,-0.18014986824069165,-0.18014986824069165,1,0.2980142784465673,0.2980142784465673,19382,ELECTRICITY
849,-0.18207777523656224,-0.18207777523656224,1,0.572318991249607,0.572318991249607,49975,ELECTRICITY
866,-0.1840452531169945,-0.1840452531169945,1,0.5630836802430199,0.5630836802430199,390139,ELECTRICITY
846,-0.1898678008680263,-0.09493390043401315,2,0.3358371675520629,0.599530882011172,129908,"ELECTRICITY, GAS"
1054,-0.1907265827654441,-0.1907265827654441,1,0.7483613123309705,0.7483613123309705,33621,ELECTRICITY
379,-0.19097473423238567,-0.19097473423238567,1,0.9145861191155772,0.9145861191155772,30027,ELECTRICITY
875,-0.19240868494583077,-0.19240868494583077,1,0.2830609767721967,0.2830609767721967,332400,ELECTRICITY
63,-0.19268094106246023,-0.09634047053123011,2,0.8537569561978513,0.8633225693497633,59866,"ELECTRICITY, HEAT"
965,-0.19384953453896542,-0.19384953453896542,1,0.0267669103923505,0.0267669103923505,4501,GAS
386,-0.19492800815154818,-0.06497600271718272,3,-3.0966214926586453,-0.46548197014958426,131071,"COOLING, ELECTRICITY, HEAT"
1041,-0.19668119735976214,-0.19668119735976214,1,0.6899417280080173,0.6899417280080173,103650,ELECTRICITY
881,-0.1988302157520305,-0.1988302157520305,1,0.9081670345747364,0.9081670345747364,135122,ELECTRICITY
1926,-0.19916819913324596,-0.19916819913324596,1,-0.0063743866701269,-0.0063743866701269,2250,GAS
213,-0.19944000378587357,-0.19944000378587357,1,0.0,0.0,9460,GAS
374,-0.20659771769210072,-0.20659771769210072,1,0.0697857254769187,0.0697857254769187,42773,GAS
266,-0.21495423265082103,-0.071651410883607,3,0.8551208688984551,0.9015310031872937,130130,"COOLING, ELECTRICITY, HEAT"
47,-0.21719797455783332,-0.10859898727891666,2,0.2602494291604084,0.587600895783492,36976,"ELECTRICITY, GAS"
964,-0.22856420773667546,-0.11428210386833773,2,0.0854980050336661,0.3426406848628985,4525,"ELECTRICITY, GAS"
48,-0.23302156453182074,-0.11651078226591037,2,0.0930393575693874,0.3070411097221165,11291,"ELECTRICITY, GAS"
290,-0.23451910035764284,-0.11725955017882142,2,0.4649340908996305,0.6295812862501026,42613,"ELECTRICITY, GAS"
1107,-0.24416590955866702,-0.08138863651955568,3,-0.2411688296543759,0.4676724479445887,136721,"COOLING, ELECTRICITY, HEAT"
229,-0.24538802312235652,-0.12269401156117826,2,0.5784329278009819,0.7041677381005211,34135,"ELECTRICITY, HEAT"
1320,-0.258995051124805,-0.258995051124805,1,0.3926076996689235,0.3926076996689235,48357,GAS
951,-0.26763992393473196,-0.13381996196736598,2,0.1948715130238525,0.5278771216375935,99809,"ELECTRICITY, GAS"
171,-0.2711487139597058,-0.1355743569798529,2,0.0,0.4450308380607396,86802,"ELECTRICITY, GAS"
864,-0.27398890174756085,-0.13699445087378043,2,-3.434738514231335e+27,-1.7173692571156674e+27,5519,"ELECTRICITY, GAS"
1037,-0.276111304359124,-0.138055652179562,2,0.2849744985744088,0.5840960078594504,69848,"ELECTRICITY, GAS"
189,-0.2772235989677684,-0.1386117994838842,2,0.5907036884564628,0.7592744262983698,141903,"ELECTRICITY, GAS"
76,-0.2789480792188608,-0.1394740396094304,2,0.7818391175927176,0.8252405709214474,229280,"ELECTRICITY, HEAT"
100,-0.2789583631312562,-0.1394791815656281,2,0.4985108529234029,0.6708908277719212,83336,"ELECTRICITY, HEAT"
1004,-0.2815950296345586,-0.1407975148172793,2,0.180232585754981,0.5162042793130873,116273,"ELECTRICITY, GAS"
878,-0.28329691608958135,-0.14164845804479068,2,0.4545685430821731,0.6611465915620447,79960,"ELECTRICITY, GAS"
267,-0.2836698150244218,-0.1418349075122109,2,0.1894823879846994,0.5309010130961371,155353,"ELECTRICITY, GAS"
150,-0.2899982427586171,-0.07249956068965427,4,-1.4445889650099786,0.31600334261003815,117574,"COOLING, ELECTRICITY, GAS, HEAT"
284,-0.29692332690372714,-0.14846166345186357,2,0.3968109194413669,0.5865367826317264,182142,"ELECTRICITY, GAS"
232,-0.2974901220556372,-0.1487450610278186,2,0.0740125285140667,0.4891679122201483,31371,"ELECTRICITY, GAS"
869,-0.29790927550946933,-0.14895463775473466,2,0.0192213856214801,0.33631002726429154,5904,"ELECTRICITY, GAS"
217,-0.3010659326945062,-0.1505329663472531,2,0.0576968091861603,0.4603013674396806,3827,"ELECTRICITY, GAS"
355,-0.3051325729022921,-0.15256628645114606,2,0.2999600698119027,0.5109668645827168,58264,"ELECTRICITY, HEAT"
850,-0.3053765378631753,-0.15268826893158766,2,0.0951650194475863,0.4988702341676529,189625,"ELECTRICITY, GAS"
350,-0.30873418055011004,-0.15436709027505502,2,0.3155447765644066,0.6035326347136393,68253,"ELECTRICITY, GAS"
852,-0.3107150383639579,-0.10357167945465263,3,-14.266264225297297,-4.201996812305324,262198,"COOLING, ELECTRICITY, HEAT"
306,-0.31802229465364584,-0.15901114732682292,2,0.3952626532274556,0.6080610515102262,102455,"ELECTRICITY, GAS"
271,-0.32297600648134717,-0.16148800324067358,2,0.7984761509209111,0.8361773035339346,321161,"ELECTRICITY, HEAT"
977,-0.3256375586060186,-0.1628187793030093,2,-5.192136430501791,-2.322936678414595,40704,"ELECTRICITY, GAS"
66,-0.3303839007404059,-0.16519195037020296,2,0.0915886270889005,0.49638908565202705,45947,"ELECTRICITY, GAS"
252,-0.33220426632244215,-0.11073475544081406,3,0.66894510830942,0.8332050643328328,68150,"COOLING, ELECTRICITY, HEAT"
127,-0.33419669689273634,-0.16709834844636817,2,0.134940533161001,0.3874319705647723,23886,"COOLING, ELECTRICITY"
154,-0.3372825403440074,-0.1686412701720037,2,0.1028575170520817,0.16117115551458816,5661,"ELECTRICITY, GAS"
77,-0.3381910776353642,-0.1690955388176821,2,0.4311748573781045,0.6400279121060874,15136,"COOLING, HEAT"
38,-0.3438965598887199,-0.17194827994435996,2,0.9121674850720148,0.922584123624894,284272,"COOLING, ELECTRICITY"
995,-0.34677045157638897,-0.17338522578819449,2,0.3097490812221702,0.6078246583523095,27573,"ELECTRICITY, GAS"
279,-0.35191272158289566,-0.17595636079144783,2,0.6505140657216282,0.7643352475069991,185430,"ELECTRICITY, HEAT"
381,-0.3574712818300578,-0.1787356409150289,2,0.3244906247744229,0.6056002374587022,124887,"ELECTRICITY, GAS"
921,-0.3633877093685495,-0.18169385468427476,2,0.4838838149153668,0.6923478761131647,115562,"ELECTRICITY, GAS"
311,-0.36590448724743907,-0.18295224362371953,2,0.4890554203018831,0.672172650607638,75660,"ELECTRICITY, GAS"
112,-0.36657423498673214,-0.18328711749336607,2,-1.037753376539725,-0.057677476304079156,412630,"ELECTRICITY, GAS"
385,-0.3680804514583119,-0.18404022572915596,2,0.0070336692944223,0.44378891618483113,40376,"ELECTRICITY, GAS"
347,-0.3703920569272048,-0.1851960284636024,2,0.0,0.40589452124321523,23728,"ELECTRICITY, GAS"
17,-0.371165001463716,-0.092791250365929,4,-496442795.9122368,-124113235.39932929,174422,"COOLING, ELECTRICITY, GAS, HEAT"
98,-0.37151796969097994,-0.18575898484548997,2,0.5129771463549515,0.6549233889067492,61355,"ELECTRICITY, HEAT"
14,-0.38233441545016067,-0.12744480515005355,3,-0.0387690188224341,0.5534301095588855,112502,"ELECTRICITY, GAS, HEAT"
113,-0.38388582969273255,-0.19194291484636627,2,0.0,0.4700695478314866,139528,"ELECTRICITY, GAS"
373,-0.38459006604564994,-0.19229503302282497,2,0.2030828494684602,0.5223045950514548,47376,"ELECTRICITY, GAS"
148,-0.38722955456222063,-0.09680738864055516,4,-2951.6868668901634,-737.4707089156935,262375,"COOLING, ELECTRICITY, GAS, HEAT"
156,-0.3873025062976324,-0.1936512531488162,2,0.389406604496479,0.6395878286124528,55996,"ELECTRICITY, GAS"
902,-0.3908183573295862,-0.1954091786647931,2,0.0762965880551003,0.4066707636662893,5321,"ELECTRICITY, GAS"
1043,-0.39544630004485887,-0.1318154333482863,3,0.5581365073004259,0.7469875529854426,396764,"COOLING, ELECTRICITY, HEAT"
1105,-0.3969991904496228,-0.13233306348320759,3,0.0420940953679758,0.5734922795898049,117017,"COOLING, ELECTRICITY, HEAT"
97,-0.39742186219542963,-0.19871093109771482,2,0.5244962459783756,0.7229644491696424,70349,"ELECTRICITY, HEAT"
52,-0.4029328644957322,-0.2014664322478661,2,0.1675522077723509,0.5141891879981207,68619,"ELECTRICITY, GAS"
12,-0.40666006882964895,-0.20333003441482447,2,0.7008381317719499,0.786824364058293,18280,"ELECTRICITY, STEAM"
281,-0.42044193670253227,-0.21022096835126614,2,0.7278643202623952,0.7878713293480257,76545,"ELECTRICITY, HEAT"
1006,-0.4216896067818494,-0.2108448033909247,2,0.4678122475846545,0.6490838159377955,124950,"ELECTRICITY, GAS"
308,-0.42274918941749184,-0.1409163964724973,3,-0.0233933274508502,0.5717240946415841,97650,"ELECTRICITY, GAS, HEAT"
90,-0.4275527976417307,-0.21377639882086535,2,0.8962142039012114,0.9197686893021153,87452,"ELECTRICITY, HEAT"
102,-0.43126120437242565,-0.21563060218621283,2,0.4819090624566083,0.6522894176482102,33481,"ELECTRICITY, HEAT"
22,-0.43628494352114716,-0.21814247176057358,2,0.1637646538506336,0.5004831759131068,56976,"ELECTRICITY, GAS"
170,-0.4364137583939565,-0.21820687919697826,2,-0.0942200470120562,0.1339833082849189,367640,"ELECTRICITY, GAS"
59,-0.438220590391422,-0.219110295195711,2,0.7485287322898438,0.7915228685798563,58051,"ELECTRICITY, HEAT"
295,-0.4418811247959642,-0.2209405623979821,2,0.9005029005153231,0.9284189800075026,62825,"ELECTRICITY, HEAT"
9,-0.44259573617890363,-0.22129786808945182,2,0.066530190533486,0.4526782952015355,30898,"ELECTRICITY, GAS"
73,-0.4443206681805648,-0.2221603340902824,2,-0.0171484682125162,0.43701367512996436,119119,"ELECTRICITY, GAS"
303,-0.4467137411393904,-0.2233568705696952,2,0.1164488486286225,0.5094567149486491,133041,"ELECTRICITY, GAS"
85,-0.45047719950019666,-0.22523859975009833,2,0.6750801189956543,0.7660924644074996,47001,"ELECTRICITY, STEAM"
128,-0.4586172104687626,-0.2293086052343813,2,0.0772121791121352,0.27592796829752586,2784,"ELECTRICITY, GAS"
268,-0.4659246560559098,-0.2329623280279549,2,0.0399702103025828,0.4406622958174575,143043,"ELECTRICITY, GAS"
348,-0.4709199994081863,-0.23545999970409315,2,0.1172529502257422,0.42639108246887997,23535,"ELECTRICITY, GAS"
226,-0.4747424525325209,-0.23737122626626045,2,0.1824665339781593,0.4641216974367241,13973,"ELECTRICITY, GAS"
254,-0.48837621500160205,-0.12209405375040051,4,-43946.82995968219,-10986.319752256533,127992,"COOLING, ELECTRICITY, GAS, HEAT"
372,-0.48990410558343067,-0.12247602639585767,4,-2.68513254585398,-0.021377881441917407,258797,"COOLING, ELECTRICITY, GAS, HEAT"
337,-0.4932995549263163,-0.16443318497543877,3,0.7169885081703797,0.8096707839352878,41284,"COOLING, ELECTRICITY, HEAT"
1103,-0.49461983868300285,-0.12365495967075071,4,0.0,0.47484493043174625,134247,"COOLING, ELECTRICITY, GAS, HEAT"
931,-0.49625903628697576,-0.24812951814348788,2,0.2186725566963707,0.48383033319545166,42405,"ELECTRICITY, GAS"
1029,-0.49893497592512503,-0.24946748796256252,2,0.0367973362705327,0.4334588289724619,60996,"ELECTRICITY, GAS"
155,-0.5043218540180245,-0.25216092700901227,2,0.0316442519127825,0.4248249303672338,6237,"ELECTRICITY, GAS"
339,-0.5097131051240142,-0.1699043683746714,3,-0.9606528648501776,0.22437652450410173,77845,"COOLING, ELECTRICITY, HEAT"
932,-0.5106362070427923,-0.25531810352139617,2,0.4242428291285213,0.576756018141209,104514,"ELECTRICITY, GAS"
360,-0.5144541461364363,-0.2572270730682181,2,0.1004625832272539,0.44890517324119744,58495,"ELECTRICITY, GAS"
1583,-0.5162893008846882,-0.2581446504423441,2,0.044456421591244,0.20012300785157922,10495,"ELECTRICITY, GAS"
294,-0.5224326561310655,-0.17414421871035515,3,0.8553865137243719,0.889856702215884,65255,"COOLING, ELECTRICITY, HEAT"
49,-0.5231886149952337,-0.26159430749761686,2,0.763467522198205,0.8202686669919473,211467,"ELECTRICITY, HEAT"
30,-0.5235570584336791,-0.26177852921683953,2,0.8587194912152051,0.8825280412007832,103772,"ELECTRICITY, HEAT"
67,-0.5248135681352902,-0.17493785604509673,3,0.0,0.3935221891016463,93504,"COOLING, ELECTRICITY, HEAT"
86,-0.5452732006252279,-0.27263660031261394,2,0.8143281808667218,0.8718182537351074,91588,"ELECTRICITY, HEAT"
1104,-0.5467626121138172,-0.18225420403793904,3,0.0160514175473031,0.5495901312583108,95448,"COOLING, ELECTRICITY, HEAT"
297,-0.5544758339368363,-0.13861895848420908,4,0.0,0.6606387620073982,41678,"ELECTRICITY, GAS, HEAT, STEAM"
275,-0.5572871440789192,-0.18576238135963974,3,0.0,0.5507772282470924,80675,"ELECTRICITY, GAS, HEAT"
82,-0.5607505497729619,-0.28037527488648095,2,0.6141090793169092,0.7056979517759703,854223,"ELECTRICITY, HEAT"
46,-0.5609161064018481,-0.1869720354672827,3,0.6859821785286251,0.8053963790049821,84561,"COOLING, ELECTRICITY, HEAT"
11,-0.5671935734659606,-0.18906452448865352,3,0.9196655011287076,0.9328237243607763,129282,"COOLING, ELECTRICITY, HEAT"
194,-0.5815266281965775,-0.29076331409828876,2,0.5540772078543958,0.7118827425428055,38462,"ELECTRICITY, HEAT"
340,-0.5820297244128916,-0.19400990813763053,3,-4.896406059564019,-1.0488748260644438,166094,"ELECTRICITY, GAS, HEAT"
5,-0.5825442853512743,-0.19418142845042477,3,0.5462651252922314,0.6990718882668244,99181,"COOLING, ELECTRICITY, HEAT"
28,-0.5860448659628161,-0.19534828865427203,3,0.0,0.5370847539803095,32811,"ELECTRICITY, GAS, HEAT"
87,-0.5902567097029225,-0.19675223656764085,3,0.8191851956728597,0.8746989534230156,64406,"COOLING, ELECTRICITY, HEAT"
1064,-0.593617752710997,-0.2968088763554985,2,0.5099081513791375,0.701544370719224,82535,"COOLING, HEAT"
246,-0.5937799582077848,-0.19792665273592827,3,0.0536081490476075,0.6314405794897983,279856,"COOLING, ELECTRICITY, GAS"
338,-0.598541465496659,-0.19951382183221966,3,0.2771215438903072,0.5921970725119717,15891,"COOLING, ELECTRICITY, STEAM"
60,-0.6038297570398815,-0.2012765856799605,3,0.0204328948758789,0.5506288990113103,41022,"ELECTRICITY, GAS, HEAT"
165,-0.6223941424308777,-0.20746471414362588,3,0.0,0.5848362807881651,114199,"COOLING, ELECTRICITY, STEAM"
72,-0.6322193315435649,-0.2107397771811883,3,0.4959073837107629,0.7697602291776473,88768,"COOLING, ELECTRICITY, HEAT"
4,-0.6345945107450808,-0.2115315035816936,3,-1.011645242844298,0.29278719136077763,25034,"COOLING, ELECTRICITY, HEAT"
157,-0.6456801979676717,-0.21522673265589057,3,-0.7039964126033542,0.0480795988403692,82032,"ELECTRICITY, GAS, STEAM"
84,-0.6568317382973708,-0.21894391276579028,3,-24.279671201123094,-7.559496593399473,68544,"ELECTRICITY, GAS, HEAT"
161,-0.6663529042719272,-0.22211763475730906,3,0.356693122355286,0.6308025364913742,317694,"ELECTRICITY, GAS, HEAT"
375,-0.6834415409435176,-0.1708603852358794,4,-9.407266125153736,-1.7209461208593915,1183561,"COOLING, ELECTRICITY, GAS, HEAT"
353,-0.6876237247103896,-0.22920790823679651,3,0.7187058745067441,0.8386611394312391,311590,"COOLING, ELECTRICITY, STEAM"
299,-0.6887940628906173,-0.17219851572265432,4,0.1969234250232261,0.7160582921396578,278249,"COOLING, ELECTRICITY, GAS, HEAT"
277,-0.705119739147908,-0.2350399130493027,3,-1296132.151166423,-432043.65714026097,219994,"ELECTRICITY, GAS, STEAM"
103,-0.7128886554752807,-0.23762955182509357,3,-6.004841272854847e+27,-2.0016137576182824e+27,64484,"ELECTRICITY, HEAT, STEAM"
282,-0.7152938890788391,-0.23843129635961302,3,0.4730934578973697,0.6452128972572324,41121,"COOLING, ELECTRICITY, STEAM"
245,-0.717178268031961,-0.23905942267732036,3,0.8394424324128567,0.8702463835137445,164672,"COOLING, ELECTRICITY, HEAT"
163,-0.7173711528542172,-0.23912371761807238,3,-0.0198164771104012,0.359458118317397,80417,"ELECTRICITY, GAS, HEAT"
64,-0.7175099915267996,-0.23916999717559986,3,-0.3053206504755308,0.345953957405813,78629,"ELECTRICITY, GAS, STEAM"
249,-0.7198327456246518,-0.17995818640616296,4,-0.9925976861504656,0.26062030302235467,132056,"COOLING, ELECTRICITY, HEAT, STEAM"
81,-0.719951205585629,-0.23998373519520966,3,0.0861472253444082,0.5345893845084905,626259,"ELECTRICITY, GAS, HEAT"
99,-0.7223211378415513,-0.24077371261385042,3,0.1432761635839511,0.6031050681343206,85851,"COOLING, ELECTRICITY, HEAT"
160,-0.7298235384194602,-0.18245588460486506,4,-2.8167183989288804,-0.32430326363596756,137002,"COOLING, ELECTRICITY, GAS, HEAT"
1040,-0.7312270429143313,-0.36561352145716564,2,0.5884360333123495,0.759186169695925,310590,"COOLING, HEAT"
147,-0.7348992848398707,-0.18372482120996766,4,0.0,0.6757308691015749,62058,"COOLING, ELECTRICITY, GAS, HEAT"
25,-0.7415839845463418,-0.24719466151544725,3,0.888354476014803,0.8917692714646348,115334,"COOLING, ELECTRICITY, HEAT"
55,-0.760997080773388,-0.25366569359112934,3,0.6143117167459685,0.8015698467326603,120223,"COOLING, ELECTRICITY, HEAT"
41,-0.7824495986851604,-0.1956123996712901,4,-0.0188916818086986,0.6127113574690245,69893,"COOLING, ELECTRICITY, GAS, STEAM"
180,-0.7834068303023483,-0.19585170757558706,4,0.0,0.6244250473762285,67943,"COOLING, ELECTRICITY, GAS, STEAM"
70,-0.7892175664348839,-0.19730439160872099,4,-0.0407902537705413,0.6529809365139687,238732,"COOLING, ELECTRICITY, GAS, HEAT"
293,-0.7943899558315917,-0.19859748895789792,4,-0.0164850582561009,0.6526508507899128,68100,"COOLING, ELECTRICITY, GAS, HEAT"
50,-0.7978274296246834,-0.19945685740617086,4,0.0,0.6781663831977351,308820,"COOLING, ELECTRICITY, GAS, HEAT"
80,-0.8001483380897874,-0.20003708452244684,4,0.0,0.5452077460687671,55501,"COOLING, ELECTRICITY, GAS, STEAM"
95,-0.804388665974464,-0.26812955532482136,3,-0.1859863492881432,0.2695651427075452,224834,"COOLING, ELECTRICITY, HEAT"
248,-0.8074153872218269,-0.20185384680545673,4,0.0,0.49096834029270453,236537,"COOLING, ELECTRICITY, GAS, STEAM"
149,-0.843754963893112,-0.28125165463103735,3,0.2082487780111216,0.5763988115838763,110154,"ELECTRICITY, GAS, HEAT"
61,-0.8471880980115349,-0.28239603267051167,3,0.0,0.5252223856318089,64665,"ELECTRICITY, GAS, HEAT"
136,-0.8622002950129842,-0.21555007375324606,4,-1.5561597635994713,0.2998713008118412,113459,"COOLING, ELECTRICITY, GAS, STEAM"
851,-0.8635891359863764,-0.28786304532879214,3,0.4511144865461385,0.6255390746273195,271039,"COOLING, ELECTRICITY, HEAT"
54,-0.8636773102468397,-0.28789243674894655,3,-1136442.5319875183,-378813.54296184034,123671,"ELECTRICITY, GAS, HEAT"
272,-0.8742702914916329,-0.291423430497211,3,0.087008100980519,0.5309675191792357,322612,"ELECTRICITY, GAS, HEAT"
1110,-0.8833204293518645,-0.22083010733796613,4,-0.067091446260264,0.4178603725728849,107132,"COOLING, ELECTRICITY, GAS, HEAT"
354,-0.9054660418502803,-0.2263665104625701,4,0.1964006124787095,0.7114540820765686,508398,"COOLING, ELECTRICITY, GAS, HEAT"
274,-0.9214425844494673,-0.2303606461123668,4,0.0,0.6386114684817767,118612,"COOLING, ELECTRICITY, GAS, HEAT"
24,-0.9341285769465972,-0.2335321442366493,4,-0.4688401097646233,0.5443277907701658,394592,"COOLING, ELECTRICITY, GAS, HEAT"
89,-0.9450731878887197,-0.23626829697217994,4,0.3973913188262596,0.721727944014379,684497,"COOLING, ELECTRICITY, GAS, STEAM"
88,-0.9499544822331675,-0.23748862055829187,4,-1.4645194591331272,-0.30289701308130734,364069,"ELECTRICITY, GAS, HEAT, STEAM"
1025,-0.9623539591066024,-0.3207846530355341,3,0.611543457005632,0.8001374223973708,123378,"COOLING, ELECTRICITY, HEAT"
276,-1.0000522665053102,-0.20001045330106204,5,-0.1455383112475632,0.4692737614224196,180694,"COOLING, ELECTRICITY, GAS, HEAT, STEAM"
146,-1.0009797388133095,-0.25024493470332737,4,0.0,0.507599367477274,82179,"COOLING, ELECTRICITY, GAS, HEAT"
1044,-1.0026083007422937,-0.2506520751855734,4,0.1152285701837181,0.4800672665554779,66170,"COOLING, ELECTRICITY, HEAT, STEAM"
37,-1.0060350095555457,-0.3353450031851819,3,-0.0170726470995536,0.4928107945008912,142496,"ELECTRICITY, GAS, HEAT"
131,-1.0135998035147933,-0.3378666011715978,3,-0.0119409262892868,0.5276136604640568,108644,"ELECTRICITY, GAS, HEAT"
309,-1.0311696830472128,-0.34372322768240426,3,0.1464670118358132,0.4962198562522809,77720,"ELECTRICITY, GAS, HEAT"
65,-1.086361015180287,-0.27159025379507173,4,0.0,0.6280100757773414,218468,"COOLING, ELECTRICITY, GAS, HEAT"
253,-1.1467373803972327,-0.2866843450993082,4,0.3175193897148306,0.5934709481334268,58031,"COOLING, ELECTRICITY, GAS, HEAT"
1101,-1.1498394824063776,-0.2874598706015944,4,0.1102887461011212,0.5147154511800072,127073,"COOLING, ELECTRICITY, GAS, HEAT"
1108,-1.1499492041373194,-0.28748730103432985,4,0.0,0.3625051250199216,169311,"COOLING, ELECTRICITY, GAS, HEAT"
1102,-1.1727918207704975,-0.29319795519262437,4,0.0535812848589138,0.460395607288848,138006,"COOLING, ELECTRICITY, GAS, HEAT"
