buildingnumber,score_electricity,score_cooling,score_gas,score_heat,score_steam,cross_utility_score,n_utilities,cross_utility_rank,buildingname,grossarea
186,0.08504815787798742,,,5.9885727487570675,,3.0368104533175275,2,1,Norton House (0186),35831
376,4.402650356372882,2.594400243604964,,-0.24777030489598115,,2.2497600983606216,3,2,"Chilled Water Plant, East Regional (0376)",34246
29,3.44186846165149,,0.691472752200621,,,2.0666706069260554,2,3,Women's Field House (0029),5417
388,3.5613065930501233,1.8306921746272657,,0.2871732315214374,,1.8930573330662757,3,4,"Chiller Plant, South Campus Central (0388)",83056
882,-0.12890833467088866,,3.876515121796933,,,1.873803393563022,2,5,Morehouse Medical Plaza - Concourse (0882),41461
230,1.6384944732304232,,,,,1.6384944732304232,1,6,Field Hockey and Outdoor Tennis Office (0230),938
390,-0.06656555052375535,,,3.1380314360600865,,1.5357329427681656,2,7,Water Treatment (0390),19518
77,,2.2088056221949746,,-0.15027121276227257,,1.029267204716351,2,8,Central Service Building (0077),15136
153,1.7192775620974636,,-0.09649006173711314,,,0.8113937501801752,2,9,Poultry Breeding House 3 (0153),10229
307,-0.11684088586219263,,1.6885020629746896,,,0.7858305885562485,2,10,Bevis Hall (0307),81611
250,-0.1782963443223498,-0.2967523486972521,,2.8280691972860152,,0.7843401680888045,3,11,Gerlach Hall (0250),69508
178,1.3265355931765597,,-0.031409387218559875,,,0.6475631029789999,2,12,Waterman - South Storage 2 (0178),2753
371,-0.13719091769511488,0.0011373562716249525,1.8489921866830095,0.07328351812263229,1.3364761695030776,0.6245396625770459,5,13,Celeste Laboratory of Chemistry (0371),110310
1056,0.5537156854388525,,,,,0.5537156854388525,1,14,Coffey Rd Recreation Complex (1056),2481
964,0.24236007938240664,,0.8383266576995173,,,0.540343368540962,2,15,"Eleventh Ave, 45 W (0964)",4525
218,0.5337578562550227,,,,,0.5337578562550227,1,16,Recreation Service (0218),1062
362,-0.1179094374019655,,1.1806492966705233,,,0.5313699296342789,2,17,Bulk Chemical Warehouse (0362),16525
92,0.5231305967483014,,,,,0.5231305967483014,1,18,Jesse Owens Memorial Stadium (0092),29626
983,1.1598398926985338,,-0.1912065764436267,,,0.48431665812745356,2,19,Turfgrass Foundation (0983),7573
310,-0.04675132894720429,,1.0084970395190196,,,0.4808728552859077,2,20,Scott Hall (0310),59654
358,0.03906168711894082,,0.8669631519137625,,,0.4530124195163517,2,21,Sherman Studio Art Center (0358),25545
278,0.44193586698672915,,,,,0.44193586698672915,1,22,Parking Garage - Arps (0278),323165
228,0.42811258805434665,,,,,0.42811258805434665,1,23,Bill Davis Baseball Stadium (0228),42374
270,-0.17726673968316808,,0.9985549949330591,,,0.4106441276249455,2,24,Woody Hayes Athletic Center (0270),202623
162,0.39366583838221425,,,,,0.39366583838221425,1,25,Parking Garage - Ohio Union South (0162),280482
85,0.23617029496913372,,,,0.5448875738070812,0.39052893438810743,2,26,Hale Hall (0085),47001
69,1.87104597639187,0.010246075345990254,,-0.24191927123809218,-0.09564638219692989,0.38593159957570955,4,27,McCracken Power Plant (0069),110142
1106,-0.042864097833724024,0.06073544001221838,1.5751899298310994,-0.22051213945872367,,0.3431372831377175,4,28,Curl Hall (1106),27916
130,0.06068372870147662,,0.603276015197999,,,0.3319798719497378,2,29,Power House (0130),8977
347,0.7637328593319859,,-0.1291695452035948,,,0.31728165706419553,2,30,Jesse Owens Recreation Center North (0347),23728
870,,0.29211006777416404,,,,0.29211006777416404,1,31,Medical Center Tower (0870),2010690
226,0.16780776016493545,,0.39003448714712524,,,0.27892112365603033,2,32,"Kinnear Rd, 930 - Storage (0226)",13973
384,0.312792367009628,,0.21584114810127902,,,0.2643167575554535,2,33,Waterman - Rothenbuhler Honey Bee Lab (0384),6360
222,-0.03892908608735538,,0.5617615730279515,,,0.26141624347029807,2,34,Heffner Wetland Research and Education (0222),9167
1028,0.25650693163274796,,,,,0.25650693163274796,1,35,Parking Garage - Wexner Medical Center (1028),708129
287,0.24776414943168457,,,,,0.24776414943168457,1,36,Parking Garage - Neil Ave (0287),325700
288,0.2434303144958226,,,,,0.2434303144958226,1,37,Parking Garage - Ohio Union North (0288),216738
159,0.23619177915502293,,,,,0.23619177915502293,1,38,Parking Garage - Lane Ave (0159),445873
184,-0.023244593303310388,,,0.494599606388387,,0.2356775065425383,2,39,Barrett House (0184),35922
83,0.22828932312606925,,,,,0.22828932312606925,1,40,Parking Garage - Northwest (0083),228195
7,-0.1359344498223124,-0.382172693227432,,1.1993543046575015,,0.2270823872025857,3,41,Mathematics Tower (0007),61621
264,0.22368503519348631,,,,,0.22368503519348631,1,42,Satellite Communications Facility (0264),3130
869,0.33110344448602397,,0.10911655922435451,,,0.22011000185518925,2,43,Pomerene Alumnae Scholarship House (0869),5904
277,-0.2550783872575898,,0.9171967547873031,,-0.08815472571305696,0.19132121393888546,3,44,Graves Hall (0277),219994
850,0.1102490256236974,,0.23791051576270472,,,0.17407977069320107,2,45,Residence on Tenth (0850),189625
179,0.3112945577306084,,0.03403961157654446,,,0.1726670846535764,2,46,Waterman - Laboratory Headquarters (0179),8443
1109,-0.06441021742323003,0.4287215638726755,,0.09401228868281947,,0.15277454504408833,3,47,North Recreation Center (1109),29520
902,0.19144065483256775,,0.1096475607404095,,,0.15054410778648863,2,48,"Eleventh Ave, 53 W (0902)",5321
91,0.08504815787798742,,0.21483210909329084,,,0.14994013348563912,2,49,Nicklaus Museum (0091),25443
387,0.14637647360909972,,,,,0.14637647360909972,1,50,Parking Garage - Twelfth Ave (0387),234895
260,0.0948423247571028,,0.18619196994617437,,,0.1405171473516386,2,51,Mendoza House (0260),48431
95,-0.06948613661084645,0.8410954467773512,,-0.35331793924026295,,0.13943045697541392,3,52,Baker Hall (0095),224834
190,0.1211487773426842,,,,0.1562001008913054,0.13867443911699479,2,53,Morrison Tower (0190),111504
56,0.12307823903964746,,0.14805437754608372,,,0.1355663082928656,2,54,Converse Hall (0056),59254
147,-0.14553964265073474,0.9276098129659882,-0.09895957009794104,-0.17216707280333998,,0.1277358818534931,4,55,Newman and Wolfrom Laboratory of Chemistry (0147),62058
247,,,,0.1253542471439657,,0.1253542471439657,1,56,McCorkle Aquatic Pavilion (0247),126374
185,0.1491039937074828,,,0.08080417625219433,,0.11495408497983857,2,57,Halloran House (0185),30286
132,0.10053693416491827,,,,,0.10053693416491827,1,58,"Herrick Dr, 393 (0132)",3137
41,-0.11954891985158747,0.032723590112423,-0.01667433054713322,,0.5015195087717819,0.09950496212137104,4,59,Lazenby Hall (0041),69893
359,0.09945768141857408,,,,,0.09945768141857408,1,60,Parking Garage - Ninth Ave W (0359),371919
958,0.09910844651209315,,,,,0.09910844651209315,1,61,Waterman - North Storage Shed 1 (0958),3667
211,0.0942878865050105,,,,,0.0942878865050105,1,62,Adventure Recreation Center (0211),86255
965,,,0.09002176183315952,,,0.09002176183315952,1,63,German House (0965),4501
261,0.14143060447765904,,,0.03668446272987062,,0.08905753360376484,2,64,Archer House (0261),34948
868,,,0.08502677309263232,,,0.08502677309263232,1,65,Gateway F - South (0868),19344
40,0.09387192639945204,,,0.03463421106637608,,0.06425306873291406,2,66,Fechko Alumnae Scholarship House (0040),6396
1018,-0.15544019391007202,0.15213020443813047,,0.5250275901735153,-0.2711095086718875,0.06265202300742158,4,67,Fontana Laboratories (1018),124191
53,-0.1762161968514691,-0.10700951832963657,-0.5634248956346823,-0.1461845088647635,1.2634809589264424,0.054129167849178164,5,68,McPherson Chemical Laboratory (0053),117661
304,0.057613194252658075,,0.0194802065272925,,,0.03854670038997529,2,69,Athletic Maintenance (0304),10120
1037,0.09078580856287603,,-0.014040193054203606,,,0.03837280775433621,2,70,Ty Tucker Tennis Center (1037),69848
150,-0.10354926450961409,0.39783492573035834,-0.15296338510079713,0.010623400000704063,,0.03798641903016279,4,71,Evans Laboratory (0150),117574
10,-0.0579094381123591,,-0.11313272501212296,0.28410981907866734,,0.037689218651395094,3,72,Biological Sciences Greenhouses (0010),35173
54,0.011359255927420334,,0.4011301261282172,-0.30281872829583434,,0.03655688458660106,3,73,Mendenhall Laboratory (0054),123671
374,,,0.03195459261107868,,,0.03195459261107868,1,74,"Kinnear Rd, 1224 (0374)",42773
1107,0.03222106329249674,-0.019605660958390267,,0.06979988019475929,,0.027471760842955256,3,75,Blackburn House (1107),136721
25,-0.2911972978382184,0.633835066909021,,-0.26123810448261897,,0.02713322152939455,3,76,Derby Hall (0025),115334
265,0.1211487773426842,-0.06078438207927846,,0.01861827459027888,,0.026327556617894876,3,77,MacQuigg Laboratory (0265),76345
11,-0.1767909257300554,0.43659864613517096,,-0.18242760995498347,,0.025793370150044032,3,78,Arps Hall (0011),129282
267,-0.05809238151306395,,0.10873911590149593,,,0.02532336719421599,2,79,Jones Tower (0267),155353
846,-0.10694731204373505,,0.15628865366671515,,,0.024670670811490054,2,80,William Hall Complex - Neil Building (0846),129908
48,0.04634777867123749,,-0.00040873933140141844,,,0.022969519669918035,2,81,Pennsylvania Place (0048),11291
63,0.048797313624558844,,,-0.004004617326329553,,0.022396348149114644,2,82,Cockins Hall (0063),59866
852,0.052014092919471684,-0.1846302002819693,,0.19426024299630879,,0.020548045211270387,3,83,Smith-Steeb Hall (0852),262198
386,-0.20018509575559923,-0.4050846962769988,,0.6591474809124849,,0.017959229626628954,3,84,Wexner Center for the Arts (0386),131071
148,-0.20255685754845998,-0.02188284200966256,-0.08760182735659847,0.37281349298945626,,0.015192991518683821,4,85,Scott Laboratory (0148),262375
800,0.08504815787798742,,-0.0565071393037298,,,0.014270509287128808,2,86,Buckeye Village Community Center (0800),27220
864,-0.1454362902812037,,0.1585222056425885,,,0.006542957680692407,2,87,Hanley Alumnae Scholarship House (0864),5519
357,-0.0842360858445676,,0.09562362427172866,,,0.0056937692135805296,2,88,Northwood-High Building (0357),41171
892,0.005044386539907752,,,,,0.005044386539907752,1,89,Parking Garage - W Lane Ave (0892),101308
878,-0.0926950242013648,,0.0921543436725744,,,-0.00027034026439520104,2,90,Institute for Behavioral Medicine Research (0878),79960
847,-0.0036870167524513595,,,,,-0.0036870167524513595,1,91,William Hall Complex - Scholars House West (0847),19381
18,0.1211487773426842,-0.06078438207927846,-0.09895957009794104,0.01861827459027888,,-0.004994225061064105,4,92,Campbell Hall (0018),115368
360,-0.030735195418764908,,0.018173839617970797,,,-0.006280677900397056,2,93,Blankenship Hall (0360),58495
182,0.018913847495899593,,,-0.035150751867891045,,-0.008118452185995726,2,94,Haverfield House (0182),30311
352,-0.008382538758325564,,,,,-0.008382538758325564,1,95,Parking Garage - Eleventh Ave (0352),221080
995,-0.030100734621831743,,0.008718209393653385,,,-0.010691262614089179,2,96,Evans Hall (0995),27573
1110,0.07565278828279232,0.024453109476140693,0.02342914019017924,-0.16866877986460718,,-0.011283435478873734,4,97,Nosker House (1110),107132
394,-0.11301019676583125,,0.08616150183487999,,,-0.013424347465475633,2,98,Biotechnology Support Facility (0394),24429
3,-0.05841514342271324,,,0.030451707367580374,,-0.013981718027566434,2,99,Agricultural Administration (0003),99238
350,-0.08609923215206655,,0.05630353590113808,,,-0.014897848125464234,2,100,Library Book Depository (0350),68253
254,-0.0445311189204394,-0.09771833672497696,0.042544713017379575,0.021613736678554908,,-0.01952275148737047,4,101,Blackwell Inn (0254),127992
189,-0.07212386310839712,,0.023558179796194328,,,-0.024282841656101395,2,102,Drackett Tower (0189),141903
848,-0.027411207042286577,,,,,-0.027411207042286577,1,103,William Hall Complex - Scholars House East (0848),19382
263,-0.08742956131336134,,0.02879263411178734,,,-0.029318463600787,2,104,Service Building Annex (0263),58446
193,-0.10210035985676288,,0.03971750664148954,,,-0.03119142660763667,2,105,"Eleventh Ave, 33 W (0193)",26562
100,-0.0009926795829532896,,,-0.06688969196549827,,-0.03394118577422578,2,106,Mack Hall (0100),83336
951,-0.14660079534299272,,0.07819852554915348,,,-0.03420113489691962,2,107,"Kinnear Rd, 1315 (0951)",99809
290,-0.33675657691671723,,0.26732883207381664,,,-0.0347138724214503,2,108,Printing Facility (0290),42613
849,-0.034976130978190384,,,,,-0.034976130978190384,1,109,William Hall Complex - Worthington Building (0849),49975
271,0.05066462735471991,,,-0.12123043267413947,,-0.03528290265970978,2,110,Lincoln Tower (0271),321161
78,-0.08925972544443116,,,0.01861827459027888,,-0.035320725427076136,2,111,Maintenance Building (0078),51202
12,-0.11056207510680931,,,,0.03445572778008152,-0.038053173663363894,2,112,Ornamental Plant Germplasm Center (0012),18280
363,-0.075705396794562,,,-0.004065870426488816,,-0.039885633610525405,2,113,Comprehensive Cancer Center (0363),74390
921,-0.03203456294930811,,-0.049795013242062244,,,-0.040914788095685176,2,114,"Ackerman Rd, 700 (0921)",115562
227,-0.015996744344749545,,-0.06758300382392957,,,-0.041789874084339554,2,115,Center for Automotive Research (0227),42008
105,-0.15876350354675592,,-0.023081158179720302,0.052185557690543165,,-0.04321970134531102,3,116,Kennedy Commons (0105),36868
55,-0.04803095657775561,0.18253462322830194,,-0.26884008885242744,,-0.044778807400627035,3,117,Mershon Auditorium (0055),120223
22,-0.00032941790715524874,,-0.09108929239615729,,,-0.04570935515165627,2,118,Longaberger Alumni House (0022),56976
1103,-0.025642878591937812,-0.15861308209032288,-0.025139910655106124,0.01861827459027888,,-0.047694399186771985,4,119,Raney House (1103),134247
128,-0.04525465770433099,,-0.05041398973475376,,,-0.047834323719542375,2,120,"Kinnear Rd, 1260 (0128)",2784
1029,-0.10137841339344446,,-0.0010407052874424338,,,-0.051209559340443446,2,121,Central Sterile Supply (1029),60996
98,0.013305408787954026,,,-0.11592733299525124,,-0.051310962103648605,2,122,Canfield Hall (0098),61355
156,-0.031222880319992333,,-0.07303391244014812,,,-0.052128396380070226,2,123,Animal Science Building (0156),55996
276,-0.31148496955799715,0.40760925681030497,-0.5367350434883971,-0.041954354342851066,0.21469377867129807,-0.05357426638152844,5,124,Biological Sciences Building (0276),180694
165,-0.18173583852884695,0.2588180725895429,,,-0.2438913398047844,-0.055603035248029474,3,125,Harding Hospital (0165),114199
17,-0.12712851473343406,0.08425265325896922,-0.5527593836795701,0.37181484182925983,,-0.05595510083119379,4,126,Knowlton Hall (0017),174422
385,-0.10111926748575907,,-0.011807686226484537,,,-0.056463476856121804,2,127,Child Care Center (0385),40376
1101,0.048063817063220805,-0.010198679758265095,0.0038104951742991,-0.27386928008133415,,-0.05804841190051983,4,128,Torres House (1101),127073
266,-0.1325400652694675,-0.05510953570941814,,0.010660423376362405,,-0.05899639253417441,3,129,Riffe Building (0266),130130
373,-0.04865010664364639,,-0.07037935512034377,,,-0.059514730881995076,2,130,"Kinnear Rd, 1100 (0373)",47376
1006,-0.06372009795136507,,-0.05715927340173578,,,-0.06043968567655043,2,131,Covelli Center (1006),124950
308,-0.030743093201713024,,-0.08169250866428932,-0.07375663894888485,,-0.06206408027162905,3,132,Rightmire Hall (0308),97650
1105,0.004245621678013303,-0.17094941811080677,,-0.02072291790233424,,-0.06247557144504257,3,133,Busch House (1105),117017
39,-0.06381575497859149,,,,,-0.06381575497859149,1,134,Hayes Hall (0039),43685
867,,,-0.06454516433225206,,,-0.06454516433225206,1,135,Gateway F - North (0867),19356
293,-0.1394784852265062,0.12194525668382561,-0.08644955793434687,-0.15669102164587903,,-0.06516845203072662,4,136,Cunz Hall (0293),68100
103,-0.09521313513929028,,,-0.13412658907980995,0.024235898904317557,-0.06836794177159422,3,137,Paterson Hall (0103),64484
127,-0.10866502381211586,-0.03547454283246058,,,,-0.07206978332228822,2,138,Smith Electrical Substation (0127),23886
379,-0.07698244205740103,,,,,-0.07698244205740103,1,139,Telecommunications Network Center (0379),30027
76,-0.147563212748329,,,-0.007114325532701415,,-0.07733876914051521,2,140,St John Arena (0076),229280
42,-0.17974174641969806,,,0.01861827459027888,,-0.0805617359147096,2,141,Hughes Hall (0042),60613
284,-0.03515395947424864,,-0.12797013838870494,,,-0.08156204893147678,2,142,Fawcett Center for Tomorrow (0284),182142
337,-0.18631138168204786,0.11988498520145288,,-0.18108895727362395,,-0.08250511791807298,3,143,Dulles Hall (0337),41284
106,-0.10582455964000943,,,-0.05933511570563213,,-0.08257983767282079,2,144,Sullivant Hall (0106),135883
992,-0.08316549033679482,,,,,-0.08316549033679482,1,145,Waterman - Turf Shed 1 (0992),1900
66,-0.004844852823502294,,-0.16231081432828254,,,-0.08357783357589242,2,146,Plumb Hall (0066),45947
295,0.05412783584141889,,,-0.2226074832628447,,-0.08423982371071291,2,147,Howlett Hall (0295),62825
1102,0.0053025506967032884,-0.046755487582640254,0.010966840321471528,-0.3085017934616147,,-0.08474697250652004,4,148,Houston House (1102),138006
1104,-0.017768277263623573,-0.1472180656907453,,-0.09116450824879523,,-0.08538361706772137,3,149,Bowen House (1104),95448
1,-0.11887743787932512,-0.15344794685872654,,0.014107603163923576,,-0.08607259385804271,3,150,Bricker Hall (0001),74140
377,-0.08624699543318229,,,,,-0.08624699543318229,1,151,Generator Building (0377),4447
931,0.003845350668586753,,-0.1814372439264859,,,-0.08879594662894957,2,152,"Kinnear Rd, 960 (0931)",42405
338,-0.23368285666713878,0.31024173619295864,,,-0.344080101240812,-0.08917374057166405,3,153,Independence Hall (0338),15891
149,0.03696217198656934,,-0.02806895229092046,-0.27853524119989753,,-0.08988067383474956,3,154,Hopkins Hall (0149),110154
97,-0.07233404245849018,,,-0.10789832751988246,,-0.09011618498918632,2,155,Bradley Hall (0097),70349
294,-0.22649758746518753,0.09316081854505498,,-0.1380811959728699,,-0.09047265496433415,3,156,Wilce Student Health Center (0294),65255
1041,-0.09221260097157413,,,,,-0.09221260097157413,1,157,Optometry Clinic (1041),103650
866,-0.09263599874132385,,,,,-0.09263599874132385,1,158,Parking Garage - Gateway E (0866),390139
251,-0.2780730359505919,-0.042695068872010314,,0.03611780376407566,,-0.09488343368617552,3,159,Schoenbaum Hall (0251),62748
144,-0.2861415467327172,-0.0200844380779487,-0.0987400757451605,0.01861827459027888,,-0.09658694649138688,4,160,Psychology Building (0144),132733
90,-0.01152887429804069,,,-0.18170532643419873,,-0.09661710036611972,2,161,Ramseyer Hall (0090),87452
194,0.03338975047134246,,,-0.23172380390470154,,-0.09916702671667954,2,162,Houck House (0194),38462
176,-0.10030897916544598,,,,,-0.10030897916544598,1,163,Starling Loving Hall (0176),70620
113,-0.10479557512876553,,-0.09895957009794104,,,-0.10187757261335328,2,164,Davis Heart and Lung Research Institute (0113),139528
1926,,,-0.1052060442862171,,,-0.1052060442862171,1,165,4-H Center - Hoop Greenhouse D (1926),2250
170,-0.09212891502304081,,-0.11958835682329397,,,-0.10585863592316738,2,166,Parking Garage - SafeAuto Hospitals (0170),367640
112,-0.13505608910933303,,-0.07884186386810355,,,-0.10694897648871829,2,167,Biomedical Research Tower (0112),412630
158,-0.5503522970630551,,0.3356167062229955,,,-0.1073677954200298,2,168,Reactor (0158),4887
299,-0.2547258381691592,-0.1736147383596138,-0.10866868964834599,0.10438887956008588,,-0.10815509665425826,4,169,Veterinary Medical Center (0299),278249
851,-0.013753243452670982,0.004686755687725225,,-0.3219469065649069,,-0.11033779810995088,3,170,Park-Stradley Hall (0851),271039
47,-0.1642409079745526,,-0.05811440956097501,,,-0.11117765876776381,2,171,Mershon Center (0047),36976
82,0.1144715733883212,,,-0.338724804864714,,-0.1121266157381964,2,172,Ohio Stadium (0082),854223
171,-0.12815219015005075,,-0.09895957009794104,,,-0.1135558801239959,2,173,Dodd Hall (0171),86802
50,-0.023473973164734114,-0.19845613278384544,-0.08760182735659847,-0.14728168871138436,,-0.1142034055041406,4,174,Thompson Library (0050),308820
102,-0.020912923049139224,,,-0.22077853132832298,,-0.1208457271887311,2,175,Oxley Hall (0102),33481
275,-0.08081243520655002,,-0.09895957009794104,-0.18642710355875655,,-0.12206636962108253,3,176,Newton Hall (0275),80675
217,0.013232954176751813,,-0.26254124177008065,,,-0.12465414379666442,2,177,Recreation Field Support and Utility (0217),3827
274,-0.2064737390314161,0.048248993908916585,-0.09895957009794104,-0.24358233707516863,,-0.12519166307390228,4,178,Hitchcock Hall (0274),118612
146,-0.10667300267856696,-0.05012999063478046,-0.09895957009794104,-0.2520648368061038,,-0.12695685005434806,4,179,Bolz Hall (0146),82179
229,-0.1117709968680874,,,-0.1438974408312222,,-0.1278342188496548,2,180,Ice Rink (0229),34135
86,-0.04494970927171903,,,-0.21438646265673067,,-0.12966808596422486,2,181,French Field House (0086),91588
268,-0.10187617891020206,,-0.15855313660310355,,,-0.1302146577566528,2,182,Taylor Tower (0268),143043
339,-0.21819098618925659,-0.04356891925351275,,-0.13695573809633607,,-0.13290521451303514,3,183,University Hall (0339),77845
1583,-0.14297660891167605,,-0.12402358558392253,,,-0.1335000972477993,2,184,Kunz-Brundige Extension Building (1583),10495
1108,-0.15033459441925087,0.29211006777416404,-0.25465872607338663,-0.4218518789697192,,-0.13368378292204816,4,185,Scott House (1108),169311
280,-0.3565833061977022,-0.11775608467692229,,0.0714144720851877,,-0.13430830626314558,3,186,Baker Systems Engineering (0280),115386
28,-0.1267434108576351,,-0.1291695452035948,-0.14953156002181764,,-0.1351481720276825,3,187,Faculty Club (0028),32811
297,-0.06981944238153823,,-0.1291695452035948,-0.04791980980558941,-0.30935561712192555,-0.139066103628162,4,188,Howlett Greenhouses (0297),41678
59,-0.04697797796740272,,,-0.23376545355587086,,-0.1403717157616368,2,189,Fry Hall (0059),58051
61,-0.03173258578073551,,-0.09895957009794104,-0.3065281703937255,,-0.14574010875746735,3,190,Page Hall (0061),64665
174,-0.1457950968097232,,,,,-0.1457950968097232,1,191,Animal House Kinnear Research Center (0174),6703
81,-0.17911431355961677,,0.002576462422737056,-0.2654286169295478,,-0.1473221560221425,3,192,Schottenstein Center (0081),626259
306,-0.225605730659355,,-0.07164027907824728,,,-0.14862300486880115,2,193,Atwell Hall (0306),102455
67,-0.21135823507355098,-0.06078438207927846,,-0.17450955321998338,,-0.1488840567909376,3,194,Pomerene Hall (0067),93504
249,-0.12755365240891037,-0.1536127067721833,,-0.1845392137254313,-0.14402390453762876,-0.15243236936103843,4,195,Fisher Hall (0249),132056
213,,,-0.15262643169825466,,,-0.15262643169825466,1,196,Center for Integrative Medicine (0213),9460
161,-0.09683162857140039,,-0.1174758108619038,-0.24358395667188082,,-0.152630465368395,3,197,Ohio Union (0161),317694
87,-0.12606441949467312,-0.15597989050629918,,-0.1769459748856037,,-0.15299676162885867,3,198,Townshend Hall (0087),64406
72,-0.26027932528997594,-9.408606539354492e-05,,-0.20422469724367726,,-0.15486603619968226,3,199,Enarson Classroom Building (0072),88768
1320,,,-0.1568121310010228,,,-0.1568121310010228,1,200,Waterman - CEARC (1320),48357
348,0.02629060046603054,,-0.344031423259462,,,-0.15887041139671573,2,201,Jesse Owens Recreation Center South (0348),23535
60,-0.030566794902064785,,-0.233988902248731,-0.22246681557296366,,-0.16234083757458648,3,202,Orton Hall (0060),41022
26,-0.11984862433151951,-0.42975959064106617,,0.04725117874732373,,-0.16745234540842066,3,203,Caldwell Laboratory (0026),100348
163,-0.14299840907833197,,-0.1447253067544228,-0.21584350123825008,,-0.16785573902366827,3,204,Tzagournis Medical Research Facility (0163),80417
5,-0.13528864798159929,-0.18838315758206603,,-0.1800713520952986,,-0.16791438588632132,3,205,Eighteenth Avenue Library (0005),99181
245,-0.17498103933578518,-0.07211390294219999,,-0.2612760506784586,,-0.16945699765214792,3,206,Physical Activity and Education Services - PAES (0245),164672
355,-0.24872239256118317,,,-0.09122893955982417,,-0.16997566606050368,2,207,Weigel Hall (0355),58264
64,-0.1121387126351279,,-0.2201484600324608,,-0.18555974331311686,-0.1726156386602352,3,208,Parker Food Science and Technology (0064),78629
49,-0.03021241162131901,,,-0.31523083957228637,,-0.17272162559680268,2,209,Drinko Hall (0049),211467
987,-0.2506462326504492,,-0.09981827524411374,,,-0.17523225394728148,2,210,Campus Shop (0987),10291
30,-0.11624390556614032,,,-0.23447934298199458,,-0.17536162427406746,2,211,Denney Hall (0030),103772
1011,-0.17554012537326846,,,,,-0.17554012537326846,1,212,Schumaker Complex (1011),114315
9,-0.03480097601121076,,-0.3182699439042423,,,-0.17653545995772651,2,213,ElectroScience Laboratory (0009),30898
279,-0.2997965663662344,,,-0.05369143992857634,,-0.17674400314740538,2,214,Dreese Laboratories (0279),185430
73,-0.13409600276647202,,-0.21960653266014987,,,-0.17685126771331094,2,215,Research Center (0073),119119
136,-0.07255178842570269,0.04977345317668905,-0.42608989871223213,,-0.26774542141420965,-0.17915341384386385,4,216,Veterinary Medicine Academic (0136),113459
1004,-0.4221008499030819,,0.05875284178554062,,,-0.18167400405877063,2,217,Jameson Crane Sports Medicine Institute (1004),116273
1044,-0.26112518599813683,-0.16014202129617877,,-0.347648457969416,0.02309831780914407,-0.1864543368636469,4,218,Energy Advancement and Innovation Center (1044),66170
80,-0.11866695275544516,-0.19269444298424615,-0.09884190025416091,,-0.34079260234146924,-0.18774897458383036,4,219,Sisson Hall (0080),55501
356,-0.3202125833959489,,,-0.056639999031710374,,-0.18842629121382962,2,220,"Twelfth Ave, 395 W (0356)",90747
1054,-0.191424481666687,,,,,-0.191424481666687,1,221,Stanton Veterinary Clinic (1054),33621
155,-0.18078786992554,,-0.20576441534714118,,,-0.19327614263634058,2,222,Reactor Annex (0155),6237
298,0.1211487773426842,,-0.5646867105417226,-0.14156927839357056,,-0.1950357371975363,3,223,Agricultural Engineering Building (0298),111496
232,-0.10636195701125055,,-0.2864588682354937,,,-0.19641041262337214,2,224,"Kenny Rd, 1900 (0232)",31371
253,-0.17995633435310515,-0.136913944979349,-0.22332285750619962,-0.24772069969188432,,-0.1969784591326345,4,225,Pfahl Hall (0253),58031
89,-0.1560273535038329,-0.3991131680706648,-0.13858860597703146,,-0.09633201679859883,-0.19751528608753202,4,226,Doan Hall (0089),684497
133,-0.20044856263472316,,,,,-0.20044856263472316,1,227,Waterman - South Storage 1 (0133),5450
1043,-0.26432174764061567,-0.39199881068311937,,0.04935098253714729,,-0.20232319192886258,3,228,James Outpatient Care (1043),396764
191,-0.20251511071443012,,,,,-0.20251511071443012,1,229,4-H Center (0191),45239
881,-0.2036446768617582,,,,,-0.2036446768617582,1,230,Morehouse Medical Plaza - Tower (0881),135122
99,-0.00496973122338569,-0.35854285784044937,,-0.2507412004175741,,-0.20475126316046968,3,231,Siebert Hall (0099),85851
248,0.05517336306632313,-0.4223624616146341,-0.08760182735659847,,-0.3862069097086246,-0.2102494589033835,4,232,CBEC (0248),236537
38,-0.1554127764038695,-0.27894236487346047,,,,-0.217177570638665,2,233,Hamilton Hall (0038),284272
281,-0.2537803407218478,,,-0.1815131459415483,,-0.21764674333169803,2,234,Meiling Hall (0281),76545
309,-0.2371685784608089,,-0.06033822703968328,-0.3555260290907907,,-0.2176776115304276,3,235,Pressey Hall (0309),77720
1064,,-0.17909611569120468,,-0.2592089699535392,,-0.21915254282237195,2,236,Timashev Family Music Building (1064),82535
187,-0.233580885275773,-0.3941572584496488,,-0.035150751867891045,,-0.22096296519777095,3,237,Mathematics Building (0187),28896
246,-0.146346210752839,-0.14201731433654155,-0.3844355006365207,,,-0.2242663419086338,3,238,Recreation and Physical Activity Center (0246),279856
381,-0.20645166957328825,,-0.24593855591712582,,,-0.22619511274520704,2,239,Stores and Receiving (0381),124887
4,-0.1287012706214866,-0.3375956943187174,,-0.23225755257206968,,-0.23285150583742456,3,240,"Eighteenth Ave, 209 W (0004)",25034
131,-0.16131095052029623,,-0.2447484495489866,-0.3152480271562571,,-0.24043580907518,3,241,Aronoff Laboratory (0131),108644
154,-0.3635763336576933,,-0.12070832093002501,,,-0.24214232729385915,2,242,Poultry Brooding House 2 (0154),5661
372,-0.29555384615806546,-0.3609015585243626,-0.5032536040831045,0.17701434093818863,,-0.245673666956836,4,243,Brain and Spine Hospital (0372),258797
302,-0.19118577444471704,,-0.5658161939395366,0.006646075752624235,,-0.2501186308772098,3,244,Prior Hall (0302),147486
1040,,-0.03025590498511047,,-0.4713104627995768,,-0.2507831838923436,2,245,Pelotonia Research Center (1040),310590
875,-0.252004311543576,,,,,-0.252004311543576,1,246,Parking Garage - Ninth Ave E (0875),332400
88,-0.33797699738961956,,-0.4501505844646685,-0.15208487798031484,-0.0764040920037006,-0.25415413795957587,4,247,Parking Garage - Tuttle Park Pl (0088),364069
272,-0.045135255468904095,,-0.41243503948928184,-0.30631430380245894,,-0.2546281995868816,3,248,Morrill Tower (0272),322612
180,-0.2689262297322763,-0.3836444441148333,-0.09895957009794104,,-0.26732081764595206,-0.2547127653977507,4,249,Goss Laboratory (0180),67943
977,-0.005980775766494004,,-0.5093365633382992,,,-0.25765866955239664,2,250,ElectroScience Laboratory Complex (0977),40704
14,-0.12583435876177432,,-0.5783771274120663,-0.09436217174765893,,-0.2661912193071665,3,251,Jennings Hall (0014),112502
37,-0.19913691303400727,,-0.28187636402430133,-0.3273388345983899,,-0.2694507038855662,3,252,Hagerty Hall (0037),142496
65,-0.29911815109592604,-0.24610768725093113,-0.08760182735659847,-0.4525910304611791,,-0.27135467404115865,4,253,Smith Laboratory (0065),218468
932,-0.22051496620439998,,-0.33504751236749714,,,-0.27778123928594856,2,254,"Kinnear Rd, 1165 (0932)",104514
959,-0.27787670118957175,,,,,-0.27787670118957175,1,255,Kuhn Honors and Scholars House (0959),9988
1025,-0.16127213290407758,-0.32438086306682495,,-0.35296350349207234,,-0.27953883315432493,3,256,"Theatre, Film and Media Arts Building (1025)",123378
160,-0.23804141015745553,-0.14861535868055611,-0.5802489763871125,-0.15329563315812803,,-0.28005034459581307,4,257,Student Academic Services (0160),137002
880,-0.2800866623345437,,,,,-0.2800866623345437,1,258,Morehouse Medical Plaza - Pavilion (0880),174609
353,-0.2585763563844172,-0.30585564968078344,,,-0.28122022076401776,-0.28188407560973944,3,259,Ross Heart Hospital (0353),311590
340,-0.19539364800963233,,-0.5534852422610316,-0.10547992164933033,,-0.28478627063999806,3,260,Kottman Hall (0340),166094
252,-0.2798863760587197,-0.5223860992414623,,-0.06131604479747236,,-0.2878628400325514,3,261,Mason Hall (0252),68150
375,-0.2936414431847174,-0.3403262365843931,-0.5441154875642163,-0.0019087087803447839,,-0.2949979690284179,4,262,James Cancer Hospital (0375),1183561
84,-0.05347725018463717,,-0.5851447060585634,-0.2501234166214563,,-0.2962484576215523,3,263,Stillman Hall (0084),68544
282,-0.12383411707866007,-0.33119290190998174,,,-0.46146349241465945,-0.30549683713443376,3,264,Galbreath Equine Center (0282),41121
354,-0.08293268683457944,-0.48578505105412406,-0.5327179959088786,-0.14254518659436044,,-0.3109952300979857,4,265,Rhodes Hall (0354),508398
311,-0.5303091442173529,,-0.15047127213310463,,,-0.34039020817522875,2,266,Mount Hall (0311),75660
157,-0.20002995705053855,,-0.581725462955313,,-0.23974113937315522,-0.3404988531263356,3,267,Wiseman Hall (0157),82032
382,-0.3426406311618296,,,,,-0.3426406311618296,1,268,Davis Medical Research Center (0382),43459
303,-0.2758446717177694,,-0.4221192834673695,,,-0.34898197759256944,2,269,McCampbell Hall (0303),133041
24,-0.2759366361115564,-0.44939947078676584,-0.4499153207438141,-0.2571449019582761,,-0.3580990824001031,4,270,Postle Hall (0024),394592
70,-0.23248318090509634,-0.5121759368979837,-0.5662414763980761,-0.12318003886168974,,-0.35852015826571143,4,271,Physics Research Building (0070),238732
231,-0.39013642175360536,,,,,-0.39013642175360536,1,272,Zoology Research Laboratory (0231),800
52,-0.4572462051179993,,-0.3673754765843192,,,-0.4123108408511592,2,273,Younkin Success Center (0052),68619
1316,-0.4516735828503541,,,,,-0.4516735828503541,1,274,Waterman - Pump House (1316),1116
46,-0.4276981864596442,-0.8905674928446167,,-0.16445508062631528,,-0.494240253310192,3,275,Journalism Building (0046),84561
