buildingnumber,mean_residual,abs_mean_residual,std_residual,n_samples,residual_z,weather_ratio,weather_sensitivity_z,baseline_load_ratio,baseline_load_z,variability_cv,variability_z,size_tier,peer_z,composite_score,rank,utility
376,0.00021381658501128104,0.00021381658501128104,0.00033772997011634765,3372,12.081002708665938,0.5185897168022898,-2.912548375563109,1.2442878716491823,1.008702066474417,0.12687359135329215,-0.1049432224224022,Medium (10k-50k sqft),7.832401926361331,4.402650356372882,1,ELECTRICITY
388,0.00015491852234452715,0.00015491852234452715,0.00036876447928266466,3432,8.696852969402359,0.4439577240089417,-3.344574074210397,1.1934108139997608,0.8184120387014586,0.13839018144800197,-0.09860259059490624,Large (50k-150k sqft),9.81515665280293,3.5613065930501233,2,ELECTRICITY
29,5.3824028659440704e-05,5.3824028659440704e-05,0.00036153708342734174,5164,2.888191547360641,0.5807552126621842,-2.5526880693403915,4.3824896396322774,12.746183146877275,0.6790427591823237,0.1990618147375953,Small (<10k sqft),3.379018064835208,3.44186846165149,3,ELECTRICITY
69,-6.966427611898137e-05,6.966427611898137e-05,0.00027041166059845877,5164,3.7983364126234833,0.9640213601600401,-0.3340574399922027,1.1982116869053192,0.8363682311532354,0.14027293406923885,-0.09756601283227495,Large (50k-150k sqft),4.304785308649731,1.87104597639187,4,ELECTRICITY
153,-8.320685835413114e-06,8.320685835413114e-06,4.113440778820022e-06,5164,0.27367217641235353,2.5558375851139084,8.880563407772119,0.5438795408526002,-1.6109604469926628,2.317848913130982,1.1013311820910694,Medium (10k-50k sqft),0.12037093136137379,1.7192775620974636,5,ELECTRICITY
230,6.126037828258293e-05,6.126037828258293e-05,0.0001545532019262872,5164,3.315467411774342,1.1001448163047631,0.453926761448669,0.95117654386031,-0.08759094421519428,0.1219216160326899,-0.10766960688764493,Small (<10k sqft),3.911583515230484,1.6384944732304232,6,ELECTRICITY
178,-9.050940755495692e-06,9.050940755495692e-06,2.5386941541691323e-06,5164,0.3156309758278115,0.9139954502356292,-0.6236447587363725,1.0893156215753461,0.42907590228480114,15.39146722551838,8.29920830460285,Small (<10k sqft),0.1725255068540209,1.3265355931765597,7,ELECTRICITY
983,-8.258506269819019e-06,8.258506269819019e-06,3.6163965455705032e-06,5164,0.27009947892171843,2.218395273583817,6.927195355607005,0.31458946952146105,-2.468549624855864,2.372521340851531,1.1314319091674478,Small (<10k sqft),0.11577410997781801,1.1598398926985338,8,ELECTRICITY
347,-5.767310414220787e-07,5.767310414220787e-07,2.635992105296431e-05,5164,-0.1712779868083217,1.7345612393240033,4.126402708153244,0.9905763077741525,0.059771786960717936,0.3588836371736583,0.022793396553310072,Medium (10k-50k sqft),-0.17025102087537763,0.7637328593319859,9,ELECTRICITY
1056,-9.06713375750134e-06,9.06713375750134e-06,3.4296937683167562e-06,5164,0.3165613891730749,0.22994809147778975,-4.583421618688142,0.07778858606684971,-3.354230691550794,24.77992764830863,13.468166344993191,Small (<10k sqft),0.17368519323825862,0.5537156854388525,10,ELECTRICITY
218,4.927202254123892e-06,4.927202254123892e-06,0.00014956860446833011,4924,0.07869026942176002,1.172708940940017,0.8739820952125636,1.3407619602761656,1.369533801884498,1.284586302513373,0.5324529168089654,Small (<10k sqft),-0.12280227674841628,0.5337578562550227,11,ELECTRICITY
92,2.4734218476504866e-06,2.4734218476504866e-06,4.192397222291818e-05,5164,-0.06229841419184174,1.2738001196438964,1.4591733177965844,1.3073659030892126,1.2446260941038607,0.5102648444378962,0.10613859621490968,Medium (10k-50k sqft),-0.09907033870981022,0.5231305967483014,12,ELECTRICITY
278,-3.4214965778634048e-06,3.4214965778634048e-06,6.267809193622438e-07,5164,-0.007824180137561186,1.0064530724506513,-0.08843100739899658,1.0285018341906034,0.201620584994984,0.11034270260077318,-0.1140445517654657,Very Large (>150k sqft),2.9250125884907994,0.44193586698672915,13,ELECTRICITY
228,1.5789867781918351e-06,1.5789867781918351e-06,6.62212659537357e-05,5164,-0.11369063441176568,1.1851232500818154,0.9458453857327498,1.3274835583925684,1.3198700127435994,0.6683028747432929,0.1931488098865302,Medium (10k-50k sqft),-0.1326374853358199,0.42811258805434665,14,ELECTRICITY
162,-3.2102906310221563e-06,3.2102906310221563e-06,7.329942430410465e-07,5164,-0.019959597120252266,0.976414384284357,-0.26231736304576636,1.0653100272257003,0.33929034025451715,0.1244151872959853,-0.10629673373802725,Very Large (>150k sqft),2.6680242142482924,0.39366583838221425,15,ELECTRICITY
869,-1.1183839014636916e-06,1.1183839014636916e-06,1.2140856462574947e-05,5164,-0.14015583606029913,1.2129845567203512,1.1071274313437918,1.2639009081385635,1.0820586132305918,0.2526953147926168,-0.03567018086505411,Small (<10k sqft),-0.39557657654003286,0.33110344448602397,16,ELECTRICITY
384,-5.392708961855902e-07,5.392708961855902e-07,1.838456493760126e-05,5164,-0.17343036220056696,1.3825451637662678,2.088670828220625,1.0037462593960558,0.1090299511645,0.20655413255675992,-0.06107390247335862,Small (<10k sqft),-0.4370506322414877,0.312792367009628,17,ELECTRICITY
179,-9.069023401541466e-06,9.069023401541466e-06,1.377456885059204e-07,5164,0.31666996385441676,1.150010546784446,0.7425868419679502,0.6015398938767123,-1.3952995836235007,4.201530237888728,2.138420256408746,Small (<10k sqft),0.173820522960544,0.3112945577306084,18,ELECTRICITY
1028,-3.124458838963314e-06,3.124458838963314e-06,7.675681468850417e-07,5164,-0.024891298157006685,0.9989471355982514,-0.13188097424685347,0.8696202784188758,-0.39262713799134424,0.1278348510678535,-0.10441398643410067,Very Large (>150k sqft),2.563586943284031,0.25650693163274796,19,ELECTRICITY
287,-1.7001346502522654e-06,1.7001346502522654e-06,1.1299824325536455e-06,5164,-0.10672975113169364,1.085301171428717,0.3680006618226974,1.103237282396768,0.4811456041651377,0.14040891370203124,-0.09749114720100006,Very Large (>150k sqft),0.8305166243585044,0.24776414943168457,20,ELECTRICITY
288,-2.5555281435644374e-06,2.5555281435644374e-06,2.5894051044333404e-07,5164,-0.05758077175458144,1.0124746071691602,-0.0535738684385513,0.9928729158013876,0.06836154480987555,0.03955536796099022,-0.15301758313234481,Very Large (>150k sqft),1.8713309881185591,0.2434303144958226,21,ELECTRICITY
964,-8.704779484839644e-07,8.704779484839644e-07,9.553911091882353e-06,5164,-0.15439995255840927,1.3299074281016103,1.7839643119588517,0.9661877274171466,-0.031446216750438946,0.3196154599643126,0.0011737111973381864,Small (<10k sqft),-0.4133307371423595,0.24236007938240664,22,ELECTRICITY
159,-2.167249514573862e-06,2.167249514573862e-06,7.069837664571694e-07,5164,-0.07989038537455173,1.030828315173176,0.052671097378708974,1.0518414035487917,0.2889150848456265,0.09963094224474582,-0.11994207247979029,Very Large (>150k sqft),1.3988864612965994,0.23619177915502293,23,ELECTRICITY
85,-1.2162564212590596e-06,1.2162564212590596e-06,1.4347689790195595e-05,5164,-0.1345323019854929,1.1931307832818758,0.9921989667603461,1.1241569689537638,0.5593892746887531,0.17399334181591672,-0.07900073536416911,Medium (10k-50k sqft),-0.14625034946941942,0.23617029496913372,24,ELECTRICITY
83,-2.454257112104501e-06,2.454257112104501e-06,9.963682426473687e-07,5164,-0.06339957663869439,0.9708498469131225,-0.2945290601407795,1.0524730578435113,0.29127759397721464,0.14485279485860914,-0.09504450161690911,Very Large (>150k sqft),1.748107763952846,0.22828932312606925,25,ELECTRICITY
264,9.632640087864682e-07,9.632640087864682e-07,5.223638145773855e-05,5164,-0.14906867496517767,1.4167323189205936,2.28657160826823,0.8012639194907278,-0.6482931304810552,0.3387078924548643,0.011685336957945795,Small (<10k sqft),-0.4066857227872483,0.22368503519348631,26,ELECTRICITY
902,-8.491839735276202e-07,8.491839735276202e-07,6.54234084630977e-06,5164,-0.15562345629577537,1.3295179177766612,1.7817095353681685,0.902405855108161,-0.27000274524941315,0.2934440151209271,-0.013235371246409808,Small (<10k sqft),-0.4148557374365952,0.19144065483256775,27,ELECTRICITY
226,-2.978994112583052e-07,2.978994112583052e-07,7.913575214548722e-06,5164,-0.1872990229136368,1.2024179409045566,1.0459599693841932,1.053333073631334,0.2944942192246423,0.1118030331713921,-0.11324054481387807,Medium (10k-50k sqft),-0.1807152597377262,0.16780776016493545,28,ELECTRICITY
185,-1.2267078740886253e-06,1.2267078740886253e-06,6.8998899691674924e-06,5164,-0.13393178509636836,1.0148032934317266,-0.04009369362530052,1.2871529656644174,1.1690258019163449,0.14040282759660286,-0.09749449799784768,Medium (10k-50k sqft),-0.14585811814758948,0.1491039937074828,29,ELECTRICITY
387,-1.8858583470049344e-06,1.8858583470049344e-06,1.2752729567911352e-06,5164,-0.09605848672191551,1.0590233745089397,0.21588515279946507,0.9560163446073969,-0.06948915411316345,0.16539700477357094,-0.0837335779679549,Very Large (>150k sqft),1.0564990438907151,0.14637647360909972,30,ELECTRICITY
261,-2.4014909002374892e-06,2.4014909002374892e-06,1.3712785397428797e-05,5164,-0.0664314040714916,1.001340433753336,-0.11802677755690734,1.263939462831585,1.0822028152333176,0.12120396772735016,-0.10806471895192479,Medium (10k-50k sqft),-0.1017698266225787,0.14143060447765904,31,ELECTRICITY
56,-1.1420532892778506e-06,1.1420532892778506e-06,1.6042363189625062e-05,5164,-0.13879584646177826,1.2258687416247445,1.1817107136130205,0.9178955003173778,-0.21206847874041715,0.18920797729593888,-0.0706240890500234,Large (50k-150k sqft),-0.12411893759224174,0.12307823903964746,32,ELECTRICITY
298,-9.101808049207156e-06,9.101808049207156e-06,1.4404547772562155e-07,5164,0.31855369570952785,,-0.07796223258332674,,0.007103813681018066,,-0.12532735375745518,Large (50k-150k sqft),0.39035636982603905,0.1211487773426842,33,ELECTRICITY
265,-9.101808049207156e-06,9.101808049207156e-06,1.4404547772562155e-07,5164,0.31855369570952785,,-0.07796223258332674,,0.007103813681018066,,-0.12532735375745518,Large (50k-150k sqft),0.39035636982603905,0.1211487773426842,33,ELECTRICITY
190,-9.101808049207156e-06,9.101808049207156e-06,1.4404547772562155e-07,5164,0.31855369570952785,,-0.07796223258332674,,0.007103813681018066,,-0.12532735375745518,Large (50k-150k sqft),0.39035636982603905,0.1211487773426842,33,ELECTRICITY
18,-9.101808049207156e-06,9.101808049207156e-06,1.4404547772562155e-07,5164,0.31855369570952785,,-0.07796223258332674,,0.007103813681018066,,-0.12532735375745518,Large (50k-150k sqft),0.39035636982603905,0.1211487773426842,33,ELECTRICITY
82,-1.6328028823538511e-06,1.6328028823538511e-06,1.1869222048730866e-05,5164,-0.11059848253745846,0.993790608804463,-0.16173080147642271,1.089073058386462,0.428168669082215,0.10043521103069468,-0.11949927020758026,Very Large (>150k sqft),0.7485895677302488,0.1144715733883212,37,ELECTRICITY
850,-1.3007626514943903e-06,1.3007626514943903e-06,6.149162254163409e-06,5164,-0.12967676473912995,1.032207572457806,0.06065526837165716,1.1170645884140664,0.5328624008436663,0.0603225248568368,-0.14158391267107753,Very Large (>150k sqft),0.34457405402022206,0.1102490256236974,38,ELECTRICITY
132,1.0232543303419895e-06,1.0232543303419895e-06,2.589585112514467e-05,5164,-0.1456217664955541,1.184871603063313,0.9443886648961239,0.99605823921145,0.08027526993807228,0.3132345512223632,-0.0023393940469073836,Small (<10k sqft),-0.40238942497479097,0.10053693416491827,39,ELECTRICITY
359,-1.9568539214783973e-06,1.9568539214783973e-06,8.166124163227398e-07,5164,-0.09197924126009735,0.9504665713142822,-0.41252267858391495,1.0486245230834073,0.27688333023201706,0.10856745303625004,-0.11502194210392486,Very Large (>150k sqft),1.1428840985504773,0.09945768141857408,40,ELECTRICITY
958,-7.52304770130182e-06,7.52304770130182e-06,8.604874145308239e-07,5164,0.2278416896126051,0.9849539713125267,-0.21288385720035963,1.0348523670418124,0.2253728051205397,0.5450399205126345,0.12528453718786872,Small (<10k sqft),0.06310312977396865,0.09910844651209315,41,ELECTRICITY
260,-1.4163181277915977e-06,1.4163181277915977e-06,4.585316986194798e-06,5164,-0.12303720789675501,1.0104508734395554,-0.06528875029665027,1.220435660825294,0.9194901884723531,0.09619022258273102,-0.12183641242061041,Medium (10k-50k sqft),-0.1387422576394648,0.0948423247571028,42,ELECTRICITY
211,-4.487463908401261e-07,4.487463908401261e-07,1.7643753137469616e-05,5164,-0.1786316959506283,1.160142136990929,0.8012360508867561,1.0144694793824125,0.14913686621214262,0.11335868317228978,-0.1123840583168318,Large (50k-150k sqft),-0.16893052921370658,0.0942878865050105,43,ELECTRICITY
40,-1.176410039542155e-06,1.176410039542155e-06,1.3889535422592556e-05,5164,-0.13682178513981702,1.0726114432895997,0.2945430405030244,1.1617932708651117,0.7001563171803166,0.2532070259439065,-0.03538845059718234,Small (<10k sqft),-0.39142094670462474,0.09387192639945204,44,ELECTRICITY
1037,-1.3318918943916527e-06,1.3318918943916527e-06,1.3353087490958115e-05,5164,-0.1278881487055213,1.1188960776130752,0.5624730626264046,1.0406153162677518,0.2469273489350568,0.1243425484342166,-0.10633672615549249,Large (50k-150k sqft),-0.11184880142957328,0.09078580856287603,45,ELECTRICITY
800,-9.101808049207156e-06,9.101808049207156e-06,1.4404547772562155e-07,5164,0.31855369570952785,,-0.07796223258332674,,0.007103813681018066,,-0.12532735375745518,Medium (10k-50k sqft),0.1496855733947271,0.08504815787798742,46,ELECTRICITY
91,-9.101808049207156e-06,9.101808049207156e-06,1.4404547772562155e-07,5164,0.31855369570952785,,-0.07796223258332674,,0.007103813681018066,,-0.12532735375745518,Medium (10k-50k sqft),0.1496855733947271,0.08504815787798742,46,ELECTRICITY
186,-9.101808049207156e-06,9.101808049207156e-06,1.4404547772562155e-07,5164,0.31855369570952785,,-0.07796223258332674,,0.007103813681018066,,-0.12532735375745518,Medium (10k-50k sqft),0.1496855733947271,0.08504815787798742,46,ELECTRICITY
1110,-8.224408211572546e-07,8.224408211572546e-07,5.255224656176702e-06,5164,-0.1571600574677583,1.0750765551873316,0.30881294875551163,1.1119708659136576,0.5138108943129704,0.07521833097437597,-0.13338280265601646,Large (50k-150k sqft),-0.1447769512811609,0.07565278828279232,49,ELECTRICITY
130,-1.6478475552017463e-06,1.6478475552017463e-06,0.0001546283198090885,5164,-0.10973404959365214,1.0210039724786169,-0.0041995335331540635,1.1762727156439672,0.7543122388550982,0.2839439974196287,-0.018465748823736035,Small (<10k sqft),-0.3576582344083745,0.06068372870147662,50,ELECTRICITY
304,1.5963337212431534e-05,1.5963337212431534e-05,0.0002697709313121788,5164,0.7128016739504562,0.8261614558109992,-1.1320935001676058,0.8454794818529537,-0.4829183824387888,1.5973373547485428,0.7046427107998174,Medium (10k-50k sqft),0.40719107979218355,0.057613194252658075,51,ELECTRICITY
248,1.7527688857203624e-06,1.7527688857203624e-06,1.8376199279572348e-05,5164,-0.10370550676488796,1.057382310234739,0.20638544747135246,0.8846524254729531,-0.3364040029956417,0.05235835856449846,-0.14596870416381874,Very Large (>150k sqft),0.8945602121681345,0.05517336306632313,52,ELECTRICITY
295,-1.988369626153345e-06,1.988369626153345e-06,2.5738028075703495e-05,5164,-0.09016842000504381,1.019046366964014,-0.015531615907852158,1.1260333865041268,0.5664074389511726,0.09245231913006208,-0.12389437136550563,Large (50k-150k sqft),-0.06941764707270813,0.05412783584141889,53,ELECTRICITY
852,-9.93655411531696e-07,9.93655411531696e-07,4.0999889906181975e-06,5164,-0.14732245356129148,1.012239429983455,-0.05493524958566238,1.151057045915783,0.6600007610579052,0.07002028792766084,-0.13624466340747585,Very Large (>150k sqft),-0.02910382530312041,0.052014092919471684,54,ELECTRICITY
271,-1.528050267192028e-06,1.528050267192028e-06,5.631109021771513e-06,5164,-0.11661733136263662,0.9779813090571451,-0.25324683250846775,1.0600335874120845,0.31955543566168615,0.06584633844936387,-0.13854269404769173,Very Large (>150k sqft),0.6211300682668065,0.05066462735471991,55,ELECTRICITY
63,-7.242873570542531e-07,7.242873570542531e-07,7.4324354444699885e-06,5164,-0.16279973396834865,1.2015289654655592,1.0408139157852152,0.8781951831115965,-0.3605553373111245,0.12681498711059133,-0.10497548786933045,Large (50k-150k sqft),-0.1511210579957011,0.048797313624558844,56,ELECTRICITY
1101,-1.0860579292468381e-06,1.0860579292468381e-06,4.64008428656409e-06,5164,-0.14201321345941784,1.031838562733154,0.058519164562372945,1.133149859579124,0.5930244235342452,0.06949342330974591,-0.1365347366442291,Large (50k-150k sqft),-0.12773817347762076,0.048063817063220805,57,ELECTRICITY
48,-1.6800342523330669e-06,1.6800342523330669e-06,2.2948410317038787e-05,5164,-0.10788467462658385,0.9788920885522393,-0.24797456075269103,1.1826514106662525,0.7781697909429143,0.2206246883816767,-0.05332714641446165,Medium (10k-50k sqft),-0.12884528677775178,0.04634777867123749,58,ELECTRICITY
358,-9.96951323950074e-07,9.96951323950074e-07,8.886214198344342e-06,5164,-0.14713307787308935,1.0752251830270345,0.3096733176654494,1.0589312708671728,0.31543255875730136,0.0916856465459989,-0.12431647448351212,Medium (10k-50k sqft),-0.15448062420770478,0.03906168711894082,59,ELECTRICITY
149,-1.4141900438690318e-06,1.4141900438690318e-06,1.9898945115349587e-05,5164,-0.12315948279554802,1.0302350942913654,0.0492370919833812,1.0985290855141747,0.4635360379492066,0.1641237909982833,-0.08443456495458938,Large (50k-150k sqft),-0.10652949612063606,0.03696217198656934,60,ELECTRICITY
194,-1.3884261990768369e-06,1.3884261990768369e-06,8.760020642051088e-06,5164,-0.12463981516453017,0.9693853188660237,-0.30300684197474886,1.2027643821024387,0.853396191014266,0.09555619091333792,-0.12218548808880156,Medium (10k-50k sqft),-0.13978901049254472,0.03338975047134246,61,ELECTRICITY
1107,-6.809201271849986e-07,6.809201271849986e-07,4.314582446389962e-06,5164,-0.165291517110436,1.008439894872889,-0.07692979574795464,1.1606335859855739,0.6958188716178048,0.08886171671838167,-0.12587123150762725,Large (50k-150k sqft),-0.1539240801479894,0.03222106329249674,62,ELECTRICITY
348,-1.0918871193891147e-06,1.0918871193891147e-06,2.1859147417486047e-05,5164,-0.14167828135117996,1.1930704219285047,0.9918495501779204,0.8428013156830495,-0.4929352414789355,0.21636195987860662,-0.0556740556815507,Medium (10k-50k sqft),-0.15091779010786577,0.02629060046603054,63,ELECTRICITY
182,-1.6936706160064418e-06,1.6936706160064418e-06,1.1237207394817854e-05,5164,-0.10710115994918507,0.932119559171099,-0.5187288837591769,1.2280144847637098,0.9478364546354849,0.12946721854118629,-0.10351526197916523,Medium (10k-50k sqft),-0.12833352931821163,0.018913847495899593,64,ELECTRICITY
98,-1.1814075840188584e-06,1.1814075840188584e-06,5.912488301610674e-06,5164,-0.13653463751437667,1.0036336109317985,-0.10475215583548983,1.1231387246886078,0.5555808443579081,0.10359858341356956,-0.117757627981181,Large (50k-150k sqft),-0.12157528976692991,0.013305408787954026,65,ELECTRICITY
217,-3.1855908508868004e-07,3.1855908508868004e-07,1.231023482794527e-05,5164,-0.18611196468725816,1.0011652544218426,-0.11904084632613597,1.2027703000984928,0.8534183254631812,0.19784452993476617,-0.06586910514495699,Small (<10k sqft),-0.45285724315157494,0.013232954176751813,66,ELECTRICITY
54,-1.081852458922883e-07,1.081852458922883e-07,9.518060148185575e-06,5164,-0.19819957064286478,1.06943963237057,0.2761822306548241,1.0633955561600266,0.332129848490864,0.048645804744905416,-0.14801270648709464,Large (50k-150k sqft),-0.1909425515719578,0.011359255927420334,67,ELECTRICITY
1102,-8.623572190435341e-07,8.623572190435341e-07,3.7259863223987193e-06,5164,-0.15486655134237867,1.0091598663456993,-0.07276206329294342,1.1196709111104766,0.54261055140895,0.06468109200596382,-0.13918423799647678,Large (50k-150k sqft),-0.14219697216208607,0.0053025506967032884,68,ELECTRICITY
892,-5.221731482105973e-06,5.221731482105973e-06,6.648059627348915e-07,5164,0.09561325406593384,0.9519131003444512,-0.4041490884989933,1.0391965856123948,0.24162102210950567,0.17133836181783654,-0.08046247451948776,Large (50k-150k sqft),0.13956929850632194,0.005044386539907752,69,ELECTRICITY
1105,-4.295693812126418e-07,4.295693812126418e-07,4.4361021490077764e-06,5164,-0.17973356363849946,1.0083471260563222,-0.07746681092455517,1.1328767255350694,0.5920028494253993,0.08480130432669833,-0.12810675259778853,Large (50k-150k sqft),-0.17017002693958264,0.004245621678013303,70,ELECTRICITY
931,-6.157060913879785e-07,6.157060913879785e-07,3.029068979427621e-06,5164,-0.16903856840968676,1.1630349585674644,0.8179818621117785,0.8816558964790663,-0.3476116005221799,0.14555260621883487,-0.09465920995093857,Medium (10k-50k sqft),-0.16878833089190767,0.003845350668586753,71,ELECTRICITY
22,-1.2842873509189634e-06,1.2842873509189634e-06,1.738779611300447e-05,5164,-0.13062339832302358,1.0995202951329086,0.45031156660404575,0.9447441154000157,-0.11164946974533366,0.1765864063495381,-0.07757308469870146,Large (50k-150k sqft),-0.11492570051456924,-0.00032941790715524874,72,ELECTRICITY
100,-1.1051259112577956e-06,1.1051259112577956e-06,7.022335811362097e-06,5164,-0.140917610252301,1.0054349977564292,-0.09432438387983509,1.1075052537200982,0.49710864171434105,0.07169505032481235,-0.1353225977898283,Large (50k-150k sqft),-0.1265057227045996,-0.0009926795829532896,73,ELECTRICITY
847,-6.170027568964655e-07,6.170027568964655e-07,7.5216922376250705e-06,5164,-0.16896406493633337,1.002433919854155,-0.11169686354837363,1.1183440597000935,0.5376478707155777,0.161558381824351,-0.08584698954598448,Medium (10k-50k sqft),-0.16873966848729666,-0.0036870167524513595,74,ELECTRICITY
66,-8.854184881882526e-07,8.854184881882526e-07,4.04363783879028e-06,5164,-0.1535415028699908,1.120604490080954,0.5723626295854,0.9345441688899443,-0.14979924086729327,0.08142153019433587,-0.12996753806094824,Medium (10k-50k sqft),-0.15866632664656113,-0.004844852823502294,75,ELECTRICITY
99,-9.802997494661258e-07,9.802997494661258e-07,4.740623987266954e-06,5164,-0.14808983975789053,1.015787337478037,-0.034397311943731954,1.0910296056506434,0.43548653395965475,0.06835105693718224,-0.13716368362601547,Large (50k-150k sqft),-0.13457380770200517,-0.00496973122338569,76,ELECTRICITY
977,-1.3874831770641235e-06,1.3874831770641235e-06,8.722712584608931e-06,5164,-0.12469399908084165,1.0747829766671233,0.30711349707864144,0.9889251395844676,0.053596098837437864,0.07844635205520883,-0.1316055671169693,Medium (10k-50k sqft),-0.13982440105274654,-0.005980775766494004,77,ELECTRICITY
352,-1.1072390371299664e-06,1.1072390371299664e-06,9.680127214708025e-07,5164,-0.14079619480932118,0.982130007866042,-0.22923106615537367,1.082032615815973,0.4018360532791563,0.11127340604029788,-0.11353213899379631,Very Large (>150k sqft),0.10910095405855808,-0.008382538758325564,78,ELECTRICITY
90,-9.078014437104247e-07,9.078014437104247e-07,6.33597305389628e-06,5164,-0.15225542876730114,1.137503160126668,0.6701847492884707,0.8908839798280974,-0.3130967854383662,0.11913124931541355,-0.1092058852367437,Large (50k-150k sqft),-0.1392597043490647,-0.01152887429804069,79,ELECTRICITY
851,-1.8474280766779527e-08,1.8474280766779527e-08,5.369379523213091e-05,5164,-0.20335416020816718,1.0563486005090241,0.2004015637542572,1.232532630824543,0.9647351940500668,0.27602832269769256,-0.02282384255332608,Very Large (>150k sqft),-1.2156718037872447,-0.013753243452670982,80,ELECTRICITY
227,-2.8245770261998267e-07,2.8245770261998267e-07,3.468314560762205e-05,5164,-0.188186268637793,1.0445326553693735,0.13200205085004615,1.0388644058207388,0.24037860549383971,0.23486814533040082,-0.045485197042300356,Medium (10k-50k sqft),-0.18129476977229184,-0.015996744344749545,81,ELECTRICITY
1104,-6.517937710537042e-07,6.517937710537042e-07,4.268250814334021e-06,5164,-0.1669650517912814,0.9837171786053087,-0.22004333684734215,1.1342265936326517,0.5970516169769499,0.0788267461462125,-0.13139613543097772,Large (50k-150k sqft),-0.15580664958342702,-0.017768277263623573,82,ELECTRICITY
102,-1.2118711983169366e-06,1.2118711983169366e-06,9.382029893731746e-06,5164,-0.13478426699765575,1.0903241974641942,0.3970776869841363,0.9442257664236757,-0.1135881950895446,0.13326920673669426,-0.10142202021559188,Medium (10k-50k sqft),-0.14641492197614717,-0.020912923049139224,83,ELECTRICITY
184,-1.0136208094639662e-06,1.0136208094639662e-06,8.787961300032315e-06,5164,-0.1461752868609354,0.9474707938125055,-0.42986447557680274,1.1689552581793479,0.7269435338139236,0.12701792832129558,-0.10486375553457512,Medium (10k-50k sqft),-0.1538550370817845,-0.023244593303310388,84,ELECTRICITY
50,-7.424832189195038e-07,7.424832189195038e-07,3.7256423253906593e-06,5164,-0.16175424081630102,1.0727123942032863,0.2951274197669592,1.0263949560193957,0.19374045347330765,0.044878768139985425,-0.15008670512697592,Very Large (>150k sqft),-0.33472179865900537,-0.023473973164734114,85,ELECTRICITY
1103,-1.218490722976938e-06,1.218490722976938e-06,5.865739909565141e-06,5164,-0.13440392405193036,0.9764832420402447,-0.26191876294169236,1.1141001390037861,0.521774787159305,0.08237800280345692,-0.12944093768552054,Large (50k-150k sqft),-0.11917843711368784,-0.025642878591937812,86,ELECTRICITY
848,-4.163461915002555e-07,4.163461915002555e-07,7.04330493911773e-06,5164,-0.1804933382726941,0.9989926833372448,-0.13161730992510756,1.099650967637289,0.4677320938971831,0.14740805572592075,-0.09363766432830287,Medium (10k-50k sqft),-0.1762700847043203,-0.027411207042286577,87,ELECTRICITY
995,-3.0696684464691256e-07,3.0696684464691256e-07,2.2647528162303618e-05,5164,-0.18677802865765478,1.0193611091489974,-0.01370965313730498,1.0759304277641009,0.37901269069659616,0.07444012717101632,-0.13381125446017741,Medium (10k-50k sqft),-0.1803749691157796,-0.030100734621831743,88,ELECTRICITY
49,-1.3432908665151951e-06,1.3432908665151951e-06,4.535445992618464e-06,5164,-0.1272331894964549,0.9895886162595828,-0.1860550717654288,0.9850287537056654,0.039022862660918256,0.05007157879033728,-0.1472277251500029,Very Large (>150k sqft),0.3963209721401333,-0.03021241162131901,89,ELECTRICITY
60,-1.3303170011651455e-06,1.3303170011651455e-06,7.2912126799921785e-06,5164,-0.12797863851555133,1.0954580051860714,0.4267959992621722,0.9212237609264975,-0.19962014086464697,0.1199543467732674,-0.10875271655612907,Medium (10k-50k sqft),-0.14196978362323392,-0.030566794902064785,90,ELECTRICITY
360,-2.6096357082729126e-07,2.6096357082729126e-07,1.2221787122344717e-05,5164,-0.18942127293519231,1.0625555795545358,0.23633219294235083,1.0091989633004734,0.12942411752056387,0.07652018573664433,-0.1326660469433852,Large (50k-150k sqft),-0.18106779059521588,-0.030735195418764908,91,ELECTRICITY
308,1.4485046188454511e-06,1.4485046188454511e-06,2.8605323909752466e-05,5164,-0.12118784477043282,1.0375230400491442,0.09142516361140492,1.0050485952400403,0.11390093890182554,0.07766670519422811,-0.13203481341819978,Large (50k-150k sqft),-0.10431158840332873,-0.030743093201713024,92,ELECTRICITY
156,-1.0293561953002512e-06,1.0293561953002512e-06,1.0882502188012822e-05,5164,-0.14527116710785679,1.0761258812283934,0.3148872313658363,0.9597911562930949,-0.055370628913479165,0.07731350641135591,-0.1322292723184207,Large (50k-150k sqft),-0.13140306553562414,-0.031222880319992333,93,ELECTRICITY
61,-8.776061739384659e-07,8.776061739384659e-07,1.9870233760176517e-05,5164,-0.15399038081324418,1.1598173163668657,0.799355746585696,0.8236788823065159,-0.5644568377823433,0.18024826609392877,-0.07555699276070886,Large (50k-150k sqft),-0.14121136255550978,-0.03173258578073551,94,ELECTRICITY
921,-1.0694357842630536e-06,1.0694357842630536e-06,5.392453342523163e-06,5164,-0.1429682843915663,1.1539044879538292,0.7651278808874439,0.8367392273184304,-0.5156086234817686,0.0786254014367954,-0.13150698878794614,Large (50k-150k sqft),-0.1288125386318758,-0.03203456294930811,95,ELECTRICITY
9,-1.1023866917194314e-06,1.1023866917194314e-06,7.442341525142178e-06,5164,-0.14107499962415507,1.0587337276327398,0.21420846041369737,0.98434872186751,0.03647941216775536,0.0748542528281327,-0.13358325135331153,Medium (10k-50k sqft),-0.15052375291505374,-0.03480097601121076,96,ELECTRICITY
849,-3.827287431328237e-07,3.827287431328237e-07,4.702767680918379e-06,5164,-0.18242492097637392,0.9945852001085788,-0.15713111372253682,1.1036687790375053,0.4827594849896859,0.09050986923613989,-0.12496381635915671,Medium (10k-50k sqft),-0.17753170989889688,-0.034976130978190384,97,ELECTRICITY
284,-1.1210090674911706e-06,1.1210090674911706e-06,1.4338836231588836e-05,5164,-0.14000499994574503,1.0188009792426143,-0.016952103259311728,0.9835264017232618,0.03340377591210734,0.1319630168981449,-0.10214116266964711,Very Large (>150k sqft),0.12585586919575206,-0.03515395947424864,98,ELECTRICITY
222,-2.0349580455537844e-06,2.0349580455537844e-06,1.6862173968453828e-05,5164,-0.08749155458319194,1.0477251203044962,0.15048242156481934,1.0049239641224894,0.11343479443679857,0.12404776628867904,-0.10649902289774014,Small (<10k sqft),-0.3299347298537358,-0.03892908608735538,99,ELECTRICITY
1106,-6.000922959499151e-07,6.000922959499151e-07,2.708020010739123e-05,5164,-0.16993570185293094,1.0610155511522072,0.22741735867958446,0.9809532092100359,0.023779538634453295,0.11506586120019618,-0.11144414578630617,Medium (10k-50k sqft),-0.16937429915137586,-0.042864097833724024,100,ELECTRICITY
254,-2.9378668994505514e-07,2.9378668994505514e-07,5.5422896065421155e-06,5164,-0.18753533059728075,1.0767760724118063,0.31865102340400503,0.9693141732079931,-0.019752705296409746,0.06067786780332014,-0.14138827326934322,Large (50k-150k sqft),-0.178946282482485,-0.0445311189204394,101,ELECTRICITY
86,-2.46604450936208e-07,2.46604450936208e-07,1.8635084247754797e-06,5164,-0.1902463155534938,1.0112019719108674,-0.06094083153317901,1.0731310723930694,0.3685425606240089,0.049918781386711346,-0.14731185005786382,Large (50k-150k sqft),-0.18199588610104864,-0.04494970927171903,102,ELECTRICITY
272,-1.0898623535073527e-06,1.0898623535073527e-06,2.272787263335571e-06,5164,-0.14179461982855238,1.007752713412803,-0.08090771512648631,1.0064810968190276,0.11925877164303175,0.03340313291948181,-0.15640478863272494,Very Large (>150k sqft),0.08795758314174176,-0.045135255468904095,103,ELECTRICITY
128,-4.489905822038688e-07,4.489905822038688e-07,3.501581109961567e-06,5164,-0.1786176652660434,1.027858035262542,0.03547689948126128,1.0869415350002523,0.42019635969365926,0.12039421718459858,-0.10851053928776024,Small (<10k sqft),-0.44351619377558704,-0.04525465770433099,104,ELECTRICITY
310,3.436699159046544e-07,3.436699159046544e-07,1.9644831741125138e-05,5164,-0.1846691530274013,1.0703954507959277,0.281715221367514,0.9694349812686874,-0.019300859802844933,0.10588113672192671,-0.11650093393928974,Large (50k-150k sqft),-0.17572210174016167,-0.04675132894720429,105,ELECTRICITY
59,-1.6039210312024144e-06,1.6039210312024144e-06,2.0756018466655518e-05,5164,-0.11225796851404483,0.9889432659892821,-0.1897908409840119,1.0484040243789186,0.27605862246510604,0.1187278630512043,-0.1094279756093788,Large (50k-150k sqft),-0.09426631578667526,-0.04697797796740272,106,ELECTRICITY
55,-8.596797512602029e-07,8.596797512602029e-07,9.957041929883336e-06,5164,-0.1550203925977713,1.0144983875034175,-0.041858716797925584,1.034890980333787,0.2255172262946742,0.1128328284920786,-0.11267357551719794,Large (50k-150k sqft),-0.1423700291346283,-0.04803095657775561,107,ELECTRICITY
373,-8.680222682335575e-07,8.680222682335575e-07,3.5222362978488144e-06,5164,-0.15454105040276706,1.0937531604126407,0.4169270847824798,0.9209279677424427,-0.20072646453604903,0.05557043017573756,-0.14420024984505522,Medium (10k-50k sqft),-0.15931918730229436,-0.04865010664364639,108,ELECTRICITY
84,-1.9065792183277089e-06,1.9065792183277089e-06,1.0364520952235781e-05,5164,-0.09486791222575533,1.0081759588975956,-0.07845765424209959,0.999697808498732,0.09388796243162847,0.11287785351733462,-0.1126487863125962,Large (50k-150k sqft),-0.07470413471951279,-0.05347725018463717,109,ELECTRICITY
10,-5.291595401938649e-07,5.291595401938649e-07,7.868292120687831e-06,5164,-0.17401133789303763,1.0517301911374954,0.17366676195285471,0.9856001134719233,0.04115985860393738,0.040605507555679037,-0.15243941298973845,Medium (10k-50k sqft),-0.17203632604896985,-0.0579094381123591,110,ELECTRICITY
267,-6.780097946899244e-07,6.780097946899244e-07,4.544383641801686e-06,5164,-0.16545873824655558,0.9664280169745835,-0.320125913406998,1.1605016857809278,0.6953255393622662,0.05691438170121438,-0.14346031712651863,Very Large (>150k sqft),-0.4131709177411541,-0.05809238151306395,111,ELECTRICITY
3,-1.1779451004782296e-06,1.1779451004782296e-06,8.564510169677496e-06,5164,-0.1367335840032879,1.0876707754541761,0.3817176991990277,0.8965766602484458,-0.29180506053644484,0.11032998469187574,-0.11405155380142175,Large (50k-150k sqft),-0.12179908589353464,-0.05841514342271324,112,ELECTRICITY
1006,-8.870110031741994e-07,8.870110031741994e-07,2.0397064502155226e-05,5164,-0.15345000055343827,0.9892743120721532,-0.18787449907910156,1.0507941944723673,0.2849983205230898,0.12350909766004663,-0.1067955950100661,Large (50k-150k sqft),-0.14060348548414217,-0.06372009795136507,113,ELECTRICITY
39,-9.941016515078059e-07,9.941016515078059e-07,1.0893877547478886e-05,5164,-0.14729681361949332,1.042677644212356,0.12126386121965463,0.965576092327886,-0.03373385018483134,0.1486319127536014,-0.0929638514411375,Medium (10k-50k sqft),-0.15458756922358347,-0.06381575497859149,114,ELECTRICITY
1109,-2.81792477704086e-07,2.81792477704086e-07,2.0607727192825946e-05,5164,-0.1882244909599502,1.0549426391868897,0.19226280985352612,0.961601417952942,-0.04859990046643928,0.20272283944487585,-0.0631832784992395,Medium (10k-50k sqft),-0.18131973491850942,-0.06441021742323003,115,ELECTRICITY
390,-2.12246614855592e-07,2.12246614855592e-07,3.6673670302208385e-05,5164,-0.19222043926400947,1.0320106937281746,0.059515587284039696,0.9919607079322357,0.06494971109197967,0.24237265541284136,-0.041353476186806466,Medium (10k-50k sqft),-0.18392971327823615,-0.06656555052375535,116,ELECTRICITY
95,-6.582259087206775e-07,6.582259087206775e-07,3.146711115033336e-06,5164,-0.16659547567921545,0.9881311669231908,-0.19449187673647214,1.1146236692074227,0.5237328912948952,0.07810285179512817,-0.13179468634965097,Very Large (>150k sqft),-0.4372432924421252,-0.06948613661084645,117,ELECTRICITY
297,-7.485248246844816e-07,7.485248246844816e-07,2.1406591971606498e-05,5164,-0.16140710378583592,1.0385816159437162,0.09755299128029736,0.9767930904676247,0.008219890580764616,0.09975193475617102,-0.11987545823351407,Medium (10k-50k sqft),-0.1638037925531516,-0.06981944238153823,118,ELECTRICITY
189,-1.8942827949395047e-06,1.8942827949395047e-06,8.539507750053918e-06,5164,-0.09557443695881,0.9136780633250154,-0.6254820311535663,1.1264815047771535,0.5680834878926702,0.0674739638809778,-0.13764658039512076,Large (50k-150k sqft),-0.07549890872871202,-0.07212386310839712,119,ELECTRICITY
97,-4.3288757708260287e-07,4.3288757708260287e-07,1.3056729487446084e-06,5164,-0.1795429075934664,0.9462112717074976,-0.43715552994921447,1.129230037683943,0.5783635321273789,0.060542296679792364,-0.14146291398970057,Large (50k-150k sqft),-0.1699555567841871,-0.07233404245849018,120,ELECTRICITY
136,-4.974036245409505e-07,4.974036245409505e-07,1.0167318437100796e-05,5164,-0.17583596112869368,1.016075232248057,-0.03273076205675268,1.0205384101096397,0.17183583997344,0.04195847845633887,-0.1516945145185894,Large (50k-150k sqft),-0.1657855899509576,-0.07255178842570269,121,ELECTRICITY
363,-5.280241300655358e-07,5.280241300655358e-07,1.755627357776547e-05,5164,-0.1740765759962242,0.9565214740968012,-0.3774723803545434,1.105653023646967,0.49018094329108036,0.05771208350600852,-0.14302113040451728,Large (50k-150k sqft),-0.16380644681549697,-0.075705396794562,122,ELECTRICITY
379,-2.2759000443335056e-07,2.2759000443335056e-07,1.0357699903183222e-05,5164,-0.1913388427311527,1.0039208870278322,-0.10308918729547915,1.0446622241491472,0.26206356649016316,0.028415979737054533,-0.15915054079869131,Medium (10k-50k sqft),-0.18335389304792216,-0.07698244205740103,123,ELECTRICITY
275,-1.420500694237083e-06,1.420500694237083e-06,7.180489324175399e-06,5164,-0.12279688706946351,0.9740078821457556,-0.2762479942511295,1.038109152120597,0.2375538106999675,0.07147828861659525,-0.1354419392072792,Large (50k-150k sqft),-0.10612160996257794,-0.08081243520655002,124,ELECTRICITY
354,1.1974929321370645e-06,1.1974929321370645e-06,6.735399883413162e-06,5164,-0.13561040971849508,0.9985468820844865,-0.1341979404358595,0.9420930414427486,-0.12156499867455524,0.02766246406046556,-0.15956540018347498,Very Large (>150k sqft),0.21891889287048857,-0.08293268683457944,125,ELECTRICITY
992,-5.467992348156962e-06,5.467992348156962e-06,1.2234160891205542e-06,5164,0.10976284758232117,0.9184881279276005,-0.5976377857744505,0.9940927897283954,0.07292410904166283,0.33515404472774507,0.009728712660012554,Small (<10k sqft),-0.0840727744262368,-0.08316549033679482,126,ELECTRICITY
357,-1.5070855615331867e-06,1.5070855615331867e-06,1.78405220010435e-05,5164,-0.11782191602937735,0.9938415341328037,-0.16143600765232957,0.9971472553426558,0.0843484007248467,0.1579915904169255,-0.08781074018171733,Medium (10k-50k sqft),-0.13533585748666824,-0.0842360858445676,127,ELECTRICITY
350,-6.16069913004571e-07,6.16069913004571e-07,3.97839414661709e-06,5164,-0.1690176640407961,1.030190501811803,0.04897895741647062,0.9771652476269836,0.009611830277401444,0.034202005199735874,-0.15596495748786116,Large (50k-150k sqft),-0.15811564570281977,-0.08609923215206655,128,ELECTRICITY
377,1.197304753547931e-06,1.197304753547931e-06,6.897921690705887e-05,5164,-0.13562122203548,1.0919076763211661,0.4062440449208829,0.8569408880388485,-0.44005050834788473,0.5558974243631384,0.13126229917431714,Small (<10k sqft),-0.38992454008856997,-0.08624699543318229,129,ELECTRICITY
263,-1.1879324979377368e-06,1.1879324979377368e-06,5.550234632232731e-06,5164,-0.13615973068828588,1.0632817619201447,0.2405358786822747,0.8968389202720747,-0.29082415736543304,0.0952761157309137,-0.12233968769138934,Large (50k-150k sqft),-0.12115355477690333,-0.08742956131336134,130,ELECTRICITY
78,-6.206956626872392e-07,6.206956626872392e-07,5.587920519699647e-06,5164,-0.16875187890502563,1.1061999067737587,0.48897814614750407,0.8445765255430242,-0.4862956135372978,0.12981983032332697,-0.10332112626102255,Large (50k-150k sqft),-0.15781666237207556,-0.08925972544443116,131,ELECTRICITY
170,-9.343326331914781e-07,9.343326331914781e-07,2.3829074436104394e-06,5164,-0.15073100650450674,1.0248534510525982,0.01808412268592887,0.9523824102183801,-0.08308077099824451,0.09083874955833741,-0.12478274635308603,Very Large (>150k sqft),-0.1012858097084184,-0.09212891502304081,132,ELECTRICITY
1041,-1.280848260424162e-07,1.280848260424162e-07,6.662459029733353e-06,5164,-0.19705618568371022,1.074249647882868,0.3040261918627056,0.9158534368605327,-0.2197061907047138,0.057008281511300815,-0.14340861917430067,Large (50k-150k sqft),-0.18965635081276222,-0.09221260097157413,133,ELECTRICITY
866,-3.4842128628912464e-07,3.4842128628912464e-07,2.0805249403270946e-06,5164,-0.18439615000964965,1.04344010359337,0.12567754541116305,1.0778000166525536,0.38600531444380964,0.10529874040477503,-0.11682158098797168,Very Large (>150k sqft),-0.8142032570748517,-0.09263599874132385,134,ELECTRICITY
878,1.2275064475177617e-07,1.2275064475177617e-07,1.4880536442450236e-05,5164,-0.19736267570064067,1.022877719484765,0.006647113181222969,0.9934183946218778,0.07040174101414276,0.0705152422069008,-0.13597215888744907,Large (50k-150k sqft),-0.1900011233141893,-0.0926950242013648,135,ELECTRICITY
103,-1.0402736655706411e-06,1.0402736655706411e-06,1.4404816619456862e-07,5164,-0.1446438739084522,1.0,-0.12578620896293863,1.0,0.09501821704590431,0.0019076911002345678,-0.1737450776573295,Large (50k-150k sqft),-0.13069741956498893,-0.09521313513929028,136,ELECTRICITY
161,-9.507990030220459e-07,9.507990030220459e-07,1.1052280568658964e-05,5164,-0.14978488606105472,0.9912434031401555,-0.17647592974558074,0.9931703671295502,0.06947407026068275,0.09579284608658978,-0.12205519402507937,Very Large (>150k sqft),-0.08125007834894975,-0.09683162857140039,137,ELECTRICITY
176,-1.4925107058352872e-06,1.4925107058352872e-06,3.4863603655794246e-06,5164,-0.1186593543401911,0.9874948989579608,-0.1981750707919559,0.9918464357902141,0.06452231119733973,0.041881555456827216,-0.15173686563250063,Large (50k-150k sqft),-0.10146727399726874,-0.10030897916544598,138,ELECTRICITY
385,-1.3711011578957134e-06,1.3711011578957134e-06,1.6738532785748684e-05,5164,-0.1256352729256379,1.0417908940725786,0.11613068931409305,0.9058886679137184,-0.2569763522912294,0.1456156743150778,-0.0946244868623291,Medium (10k-50k sqft),-0.1404391998886072,-0.10111926748575907,139,ELECTRICITY
1029,3.318106304986099e-07,3.318106304986099e-07,1.7740492230089062e-05,5164,-0.18535056079868564,0.9646176345143939,-0.33060575881790494,1.0642427290065306,0.33529843865581793,0.07242038729063094,-0.13492325261792354,Large (50k-150k sqft),-0.17648862152488556,-0.10137841339344446,140,ELECTRICITY
268,-8.25523277926474e-07,8.25523277926474e-07,8.699059601325963e-06,5164,-0.15698294645935612,0.9400900111813298,-0.47258995634517437,1.084986523162571,0.4128842376080565,0.061340792435911236,-0.14102329014586043,Large (50k-150k sqft),-0.14457771802061736,-0.10187617891020206,141,ELECTRICITY
193,-4.3900122824423825e-07,4.3900122824423825e-07,1.7181098239461014e-05,5164,-0.1791916309971264,0.973046130950339,-0.28181532826665334,1.0347645148097289,0.22504422079480524,0.18821438321102582,-0.07117112721206631,Medium (10k-50k sqft),-0.1754198665429694,-0.10210035985676288,142,ELECTRICITY
150,7.111653746227553e-07,7.111653746227553e-07,2.813406365358088e-06,5164,-0.16355369346062312,1.0167038968016393,-0.02909158222501224,0.9736527519630366,-0.0035255823074728226,0.012774307216173631,-0.1677622987761437,Large (50k-150k sqft),-0.15196919165672387,-0.10354926450961409,143,ELECTRICITY
113,-3.414363875831641e-07,3.414363875831641e-07,1.3045787509945033e-05,5164,-0.18479748652335307,0.9659475496812732,-0.32290721684404167,1.0589733775353039,0.3155900458333682,0.05698851561327713,-0.14341950158663605,Large (50k-150k sqft),-0.17586646487753005,-0.10479557512876553,144,ELECTRICITY
106,-1.1904476732565765e-06,1.1904476732565765e-06,5.1695821199875435e-06,5164,-0.13601521439158504,1.0287665645770374,0.040736145511623655,0.9269833032867008,-0.1780783393863716,0.08253822888091061,-0.12935272280959434,Large (50k-150k sqft),-0.12099098750763454,-0.10582455964000943,145,ELECTRICITY
232,-1.3402080090741957e-06,1.3402080090741957e-06,1.0070115089499361e-05,5164,-0.12741032352655324,1.0580542505246446,0.21027513957698243,0.8746304250261112,-0.3738882214524421,0.14582415379613514,-0.09450970534956352,Medium (10k-50k sqft),-0.14159858517172075,-0.10636195701125055,146,ELECTRICITY
146,-6.658103078510366e-07,6.658103078510366e-07,3.826490314031986e-06,5164,-0.16615969322428653,1.029302014395282,0.04383572885597067,0.9474637843480513,-0.10147738229442262,0.05034401729313882,-0.14707773003619815,Large (50k-150k sqft),-0.1549006967877392,-0.10667300267856696,147,ELECTRICITY
846,-1.03090140313379e-06,1.03090140313379e-06,1.168262426687758e-05,5164,-0.1451823829535024,0.9177316006242793,-0.6020171306710566,1.1032911084149393,0.48134692387515904,0.0805987834917541,-0.13042051362797424,Large (50k-150k sqft),-0.13130319169539142,-0.10694731204373505,148,ELECTRICITY
127,9.147691887770764e-07,9.147691887770764e-07,6.733912353797657e-06,5164,-0.15185507786299413,1.0115655032179067,-0.05883644089552419,0.9670185282306907,-0.02833886115270643,0.050621836359934155,-0.1469247725719903,Medium (10k-50k sqft),-0.1575648277184864,-0.10866502381211586,149,ELECTRICITY
12,-1.9781861002977164e-06,1.9781861002977164e-06,1.4335337076516875e-05,5164,-0.09075354241499642,0.9727673288063088,-0.2834292432453479,0.9879293689466138,0.04987172421580805,0.08770621793710016,-0.12650740873447774,Medium (10k-50k sqft),-0.11765598177487165,-0.11056207510680931,150,ELECTRICITY
229,6.34116728831713e-07,6.34116728831713e-07,2.007626391528804e-05,5164,-0.1679807347376794,0.9839873721849002,-0.2184792546672477,1.0137730720595888,0.1465321682417024,0.05384236738793887,-0.14515166079413996,Medium (10k-50k sqft),-0.16809740028369016,-0.1117709968680874,151,ELECTRICITY
64,3.1271770900832905e-07,3.1271770900832905e-07,1.0719091897679933e-05,5164,-0.18644759697199234,1.0044641375498473,-0.09994444765327316,0.9924099020029292,0.06662978372465274,0.040397404114060086,-0.15255398746833754,Large (50k-150k sqft),-0.1777226842503699,-0.1121387126351279,152,ELECTRICITY
394,1.6349736687507084e-06,1.6349736687507084e-06,3.8318148230676826e-05,5164,-0.1104737540508784,0.956576979886544,-0.3771510713998302,1.0196578136648924,0.16854223909183225,0.09267397770801902,-0.12377233390279548,Medium (10k-50k sqft),-0.13053636002365887,-0.11301019676583125,153,ELECTRICITY
30,-5.0636699644853e-07,5.0636699644853e-07,9.955712792341061e-06,5164,-0.17532094601052955,0.9799420630207797,-0.24189652455996855,1.0107412386554633,0.13519252539817442,0.1052666783135285,-0.11683923325435802,Large (50k-150k sqft),-0.16520624628312616,-0.11624390556614032,154,ELECTRICITY
307,-1.2185288821958813e-06,1.2185288821958813e-06,4.678119825687168e-06,5164,-0.13440173150934082,0.9739847253292494,-0.2763820431952231,0.9997237903666525,0.09398513963873521,0.049097654256661745,-0.14776393394488213,Large (50k-150k sqft),-0.11917597070907,-0.11684088586219263,155,ELECTRICITY
362,2.49825836627104e-07,2.49825836627104e-07,5.132468446492467e-06,5164,-0.190061222002835,0.9804700113774119,-0.238840365276439,1.0249809178344242,0.18845167739383448,0.033709438179258235,-0.15623614766668412,Medium (10k-50k sqft),-0.1825194071639431,-0.1179094374019655,156,ELECTRICITY
80,1.0441795763489034e-06,1.0441795763489034e-06,6.938922082266916e-06,5164,-0.1444194490913469,0.9839484918445293,-0.21870432310751972,0.9902269031771799,0.05846494624441566,0.030184863964611116,-0.15817665499220132,Large (50k-150k sqft),-0.1304449627106005,-0.11866695275544516,157,ELECTRICITY
1,-6.353653137695494e-07,6.353653137695494e-07,6.026645711155395e-06,5164,-0.1679089938653907,1.101214785146126,0.460120540000189,0.8112568867258595,-0.6109175018468177,0.1380912838060367,-0.09876715318558828,Large (50k-150k sqft),-0.15686849581695955,-0.11887743787932512,158,ELECTRICITY
41,-8.389810363850837e-07,8.389810363850837e-07,2.824184672971553e-06,5164,-0.15620969403445956,1.0274496418107344,0.03311281325313826,0.9271368779047044,-0.17750394063622146,0.04804402360215144,-0.148344026142961,Large (50k-150k sqft),-0.14370788162125878,-0.11954891985158747,159,ELECTRICITY
26,-1.1372102112928224e-06,1.1372102112928224e-06,3.74589149539518e-06,5164,-0.13907411879126047,0.9974758232086743,-0.14039802892065162,0.9639380974919132,-0.039860267419432854,0.03401806536331941,-0.15606622833031844,Large (50k-150k sqft),-0.12443196784384464,-0.11984862433151951,160,ELECTRICITY
282,-3.7554313322662506e-07,3.7554313322662506e-07,1.3220580740264793e-06,5164,-0.18283778990260835,1.0007555496632239,-0.12141252337717579,0.9810030447823945,0.023965933305968024,0.04112202569037469,-0.15215503616487996,Medium (10k-50k sqft),-0.17780137779269342,-0.12383411707866007,161,ELECTRICITY
14,-1.0405083717163123e-06,1.0405083717163123e-06,1.4089245001886583e-05,5164,-0.14463038822308816,0.9394905921600074,-0.4760598411998687,1.0448147474973495,0.2626340332880945,0.07339810521418702,-0.13438495531521233,Large (50k-150k sqft),-0.1306822494347413,-0.12583435876177432,162,ELECTRICITY
87,-7.005150542613414e-07,7.005150542613414e-07,4.251919203414037e-06,5164,-0.16416563682925445,1.0782151288938693,0.32698135680107315,0.8430825130977055,-0.49188350880576687,0.06397845906788617,-0.13957108312455585,Large (50k-150k sqft),-0.1526575705084977,-0.12606441949467312,163,ELECTRICITY
28,-1.619588691115493e-07,1.619588691115493e-07,6.878434827815549e-06,5164,-0.19510985962764255,1.079761777537947,0.3359345139661215,0.8574769219015185,-0.4380456381111351,0.07632913729517353,-0.13277123153523238,Medium (10k-50k sqft),-0.1858169560670318,-0.1267434108576351,164,ELECTRICITY
17,-8.393048377345256e-07,8.393048377345256e-07,3.943724077599927e-06,5164,-0.15619108913978777,1.0166603377162522,-0.029343734734846888,0.9487676344064163,-0.09660073110268717,0.04448622263849937,-0.1503028269547039,Very Large (>150k sqft),-0.21691247187190213,-0.12712851473343406,165,ELECTRICITY
249,3.516603134621404e-08,3.516603134621404e-08,7.6355282917335e-06,5164,-0.2023950898956027,1.0147810548327567,-0.04022242724070193,0.9640142848250276,-0.0395753120701241,0.05682704755526184,-0.14350840025363348,Large (50k-150k sqft),-0.19566211693346233,-0.12755365240891037,166,ELECTRICITY
171,2.3072647057364495e-06,2.3072647057364495e-06,2.2628484547656292e-05,5164,-0.07184542852517688,0.9339090729075983,-0.508369842102729,1.007884907182498,0.12450929369352971,0.044969027905580855,-0.15003701125598023,Large (50k-150k sqft),-0.04880600148173871,-0.12815219015005075,167,ELECTRICITY
4,-1.6215053595488682e-06,1.6215053595488682e-06,9.55637132520783e-07,5164,-0.11124761269766639,0.996411549612067,-0.1465588391431427,0.9346933176288217,-0.14924139576039167,0.11755970675239905,-0.11007112162280658,Medium (10k-50k sqft),-0.1310418105870589,-0.1287012706214866,168,ELECTRICITY
882,-3.645574367515022e-06,3.645574367515022e-06,5.0031780697129233e-05,5164,0.005050823879376089,0.9520384636843839,-0.4034233918842832,0.9427800673199898,-0.11899538912359017,0.1034282570030516,-0.1178514037473333,Medium (10k-50k sqft),-0.055080767140178816,-0.12890833467088866,169,ELECTRICITY
266,4.3666097197801544e-07,4.3666097197801544e-07,3.481051419337138e-06,5164,-0.17932609683988182,1.0065980856640449,-0.08759156264501673,0.9599020598237576,-0.054955828276316517,0.017476585954719615,-0.16517338851831675,Large (50k-150k sqft),-0.16971166503659196,-0.1325400652694675,170,ELECTRICITY
73,7.24686188038567e-08,7.24686188038567e-08,8.707220005112225e-06,5164,-0.20025176741769893,1.0151712510051576,-0.03796368045287647,0.954989541522379,-0.07332959608431265,0.0417165693088306,-0.15182770123683145,Large (50k-150k sqft),-0.19325108032133204,-0.13409600276647202,171,ELECTRICITY
112,-8.870891800376088e-07,8.870891800376088e-07,2.157105795480297e-05,5164,-0.15344550868732343,0.9476710882752126,-0.42870502167576846,1.030764055007608,0.21008172803243474,0.05735975104176069,-0.14321511233999454,Very Large (>150k sqft),-0.15877007282313388,-0.13505608910933303,172,ELECTRICITY
5,-9.518834257054024e-07,9.518834257054024e-07,2.805558610493009e-06,5164,-0.14972257758137014,1.010545322000988,-0.06474201150257729,0.9287677477704067,-0.1714041721673565,0.042843773565615084,-0.15120710198584833,Large (50k-150k sqft),-0.13641048450216145,-0.13528864798159929,173,ELECTRICITY
7,-1.251936148081132e-07,1.251936148081132e-07,4.100519933005791e-06,5164,-0.19722230815534536,1.0096693695888126,-0.06981267809859967,0.9612944515940928,-0.049748013970826274,0.022282227927219084,-0.16252757007798022,Large (50k-150k sqft),-0.18984322300084364,-0.1359344498223124,174,ELECTRICITY
371,6.391820491799601e-07,6.391820491799601e-07,1.2823982768268965e-05,5164,-0.16768969286364024,1.0162203763991629,-0.03189055933752915,0.9267467895007657,-0.17896294665286075,0.06053501781336495,-0.14146692147904927,Large (50k-150k sqft),-0.15662180277391627,-0.13719091769511488,175,ELECTRICITY
293,-6.231029269890522e-07,6.231029269890522e-07,4.641332276262448e-06,5164,-0.16861356293179217,1.02042443567946,-0.007554325240790732,0.9187692488204068,-0.20880049048422397,0.05140192181710175,-0.14649528479503493,Large (50k-150k sqft),-0.15766106988473574,-0.1394784852265062,176,ELECTRICITY
1583,-2.5830076417882387e-09,2.5830076417882387e-09,2.1729402706830066e-05,5164,-0.2042672368929944,1.0598618939735356,0.22073912954539596,0.8617589808364906,-0.42202991017191227,0.1640829369459695,-0.08445705776732759,Medium (10k-50k sqft),-0.19179815368916886,-0.14297660891167605,177,ELECTRICITY
163,-6.575338050684345e-07,6.575338050684345e-07,1.740498247634669e-05,5164,-0.16663524239289387,0.9435825710755937,-0.4523724119394549,1.031390937670611,0.21242639033926863,0.05468348901497461,-0.14468856863619053,Large (50k-150k sqft),-0.15543564496665338,-0.14299840907833197,178,ELECTRICITY
864,-6.680854466554684e-07,6.680854466554684e-07,4.2960377889833517e-07,5164,-0.16602896888390595,1.0,-0.12578620896293863,1.0,0.09501821704590431,0.01112934292172363,-0.16866795860033726,Small (<10k sqft),-0.42782538295049655,-0.1454362902812037,179,ELECTRICITY
147,1.3049624167478804e-06,1.3049624167478804e-06,1.194794945780099e-05,5164,-0.1294354557071507,0.957411724480863,-0.37231894642158836,0.986181320121355,0.04333368379296988,0.028404285000088795,-0.15915697951195706,Large (50k-150k sqft),-0.1135893765738151,-0.14553964265073474,180,ELECTRICITY
174,-9.310742301420237e-07,9.310742301420237e-07,3.259967334005347e-06,5164,-0.15091822698903468,0.9889939211432629,-0.18949761113084082,1.0023718414417266,0.10388936240437313,0.050493402303368386,-0.1469954838728266,Small (<10k sqft),-0.4089910425786352,-0.1457950968097232,181,ELECTRICITY
246,7.885399695622642e-07,7.885399695622642e-07,1.7633519685052524e-05,5164,-0.15910792388121098,0.9921690459571207,-0.17111761798503897,0.973673802983086,-0.0034468474243067623,0.05231702495369304,-0.14599146100469462,Very Large (>150k sqft),-0.2786814757060157,-0.146346210752839,182,ELECTRICITY
951,-1.6786172333823473e-06,1.6786172333823473e-06,1.0981253075494553e-05,5164,-0.10796609333707254,0.8647462655463314,-0.9087358118738358,1.1034111670642643,0.4817959664253764,0.13092081494079813,-0.1027149626266732,Large (50k-150k sqft),-0.08943835905452081,-0.14660079534299272,183,ELECTRICITY
76,-6.428412020894353e-07,6.428412020894353e-07,3.764126524996077e-06,5164,-0.16747944619670674,1.0975797145694863,0.43907803735854795,0.8428507951448387,-0.49275017872976984,0.09721880279845736,-0.12127011211823507,Very Large (>150k sqft),-0.455962891982249,-0.147563212748329,184,ELECTRICITY
1108,-5.204340746728202e-07,5.204340746728202e-07,9.003531860679942e-06,5164,-0.1745126834472211,1.0940974623901152,0.4189201617029357,0.8784593187466049,-0.35956741899108496,0.08601517500683768,-0.12743843784440584,Very Large (>150k sqft),-0.6049038150052922,-0.15033459441925087,185,ELECTRICITY
38,-8.796254874439913e-07,8.796254874439913e-07,3.337019112678651e-06,5164,-0.15387435561710353,1.0506414808777829,0.16736449407855086,0.8469154628426927,-0.47754753602896355,0.05065333650136197,-0.14690742969552553,Very Large (>150k sqft),-0.16785164582884715,-0.1554127764038695,186,ELECTRICITY
1018,-5.277094810197906e-07,5.277094810197906e-07,5.354915166001601e-06,5164,-0.17409465502018365,1.0021947581534354,-0.11308131004344645,0.9297027114968931,-0.16790722714538303,0.04576190214778126,-0.14960048242114682,Large (50k-150k sqft),-0.16382678402052667,-0.15544019391007202,187,ELECTRICITY
89,-7.671297744201438e-07,7.671297744201438e-07,2.2585920126561622e-06,5164,-0.1603381053681258,1.0081589675352784,-0.07855601293387886,0.9438367211885793,-0.11504329945311773,0.03297402563344624,-0.15664104010063967,Very Large (>150k sqft),-0.30473268933933256,-0.1560273535038329,188,ELECTRICITY
105,4.4059882782265613e-07,4.4059882782265613e-07,1.558349492420998e-05,5164,-0.17909983653136713,1.0246033470583247,0.016636334025646494,0.8921711823978957,-0.3082823990710538,0.07046039937081168,-0.13600235343541484,Medium (10k-50k sqft),-0.17535991041968046,-0.15876350354675592,189,ELECTRICITY
1025,-7.822306606331181e-07,7.822306606331181e-07,4.264788364803416e-06,5164,-0.15947044253124384,1.0261252088124035,0.025446006164122608,0.8709135873069317,-0.3877899128136817,0.08916266275229276,-0.12570554114396207,Large (50k-150k sqft),-0.14737591762132204,-0.16127213290407758,190,ELECTRICITY
131,-6.012236312217975e-08,6.012236312217975e-08,1.3437567062869572e-05,5164,-0.20096115540185774,0.9422918626020476,-0.4598439962984278,1.0300562814042955,0.2074345179763941,0.05795211095635268,-0.14288897968294006,Large (50k-150k sqft),-0.1940490752192743,-0.16131095052029623,191,ELECTRICITY
47,-3.3945100575486044e-06,3.3945100575486044e-06,1.4632346770324278e-05,5164,-0.009374764682314197,0.8388036852748216,-1.058910836645669,1.0804803478698066,0.39603027117944345,0.08527459807298292,-0.1278461736098444,Medium (10k-50k sqft),-0.0645029295675771,-0.1642409079745526,192,ELECTRICITY
245,-6.597666608449645e-07,6.597666608449645e-07,2.1783963037000046e-06,5164,-0.1665069475398575,1.0154201986015823,-0.036522585886773394,0.9342482099515683,-0.15090618449188906,0.04820974905126985,-0.14825278350528223,Very Large (>150k sqft),-0.4353685564820207,-0.17498103933578518,193,ELECTRICITY
1011,-1.1221833965139965e-06,1.1221833965139965e-06,1.2072475084076497e-05,5164,-0.13993752565072634,0.9722179455155205,-0.2866094839322761,0.9255834590863358,-0.18331402722038095,0.06606092511966577,-0.13842455013006655,Large (50k-150k sqft),-0.1254032195200612,-0.17554012537326846,194,ELECTRICITY
53,4.6042636629483703e-07,4.6042636629483703e-07,4.5727699368468405e-06,5164,-0.17796059092441877,0.972312520130485,-0.28606201544624166,0.9527173540333106,-0.08182801640137509,0.026586438354257055,-0.1601578223139738,Large (50k-150k sqft),-0.1681755990501605,-0.1762161968514691,195,ELECTRICITY
11,-6.340201507870712e-07,6.340201507870712e-07,2.041914872482475e-06,5164,-0.1679862838941337,1.0324961786817501,0.06232593668516052,0.8500672243113986,-0.46575933904739925,0.049092156620644346,-0.14776696075104792,Large (50k-150k sqft),-0.15695543984473564,-0.1767909257300554,196,ELECTRICITY
270,-9.093078125689307e-07,9.093078125689307e-07,8.242955450992141e-06,5164,-0.15216887621278688,0.9692013256755624,-0.30407193194059656,0.9346084977114039,-0.14955863864327132,0.06162907490540544,-0.1408645718979805,Very Large (>150k sqft),-0.13173517945240915,-0.17726673968316808,197,ELECTRICITY
250,-1.8310024517045115e-07,1.8310024517045115e-07,8.460071240141092e-06,5164,-0.19389512387848534,1.051794211269572,0.17403735827827285,0.828639130589774,-0.5459045506181368,0.10147159828709423,-0.11892867162158416,Large (50k-150k sqft),-0.18610045298395866,-0.1782963443223498,198,ELECTRICITY
81,-7.680940733346597e-07,7.680940733346597e-07,1.4035459874867716e-05,5164,-0.16028269892906183,0.9545304534215143,-0.38899789462888124,0.9882589794567169,0.051104531221944006,0.10053164170450506,-0.11944617885028781,Very Large (>150k sqft),-0.3035593624797838,-0.17911431355961677,199,ELECTRICITY
42,-1.1682562849557233e-07,1.1682562849557233e-07,1.0063123372262944e-06,5164,-0.19770311376109123,0.9525526704102515,-0.4004467794198783,0.9876965101541575,0.04900078733126939,0.05612787240223623,-0.1438933416461647,Large (50k-150k sqft),-0.19038408417816144,-0.17974174641969806,200,ELECTRICITY
253,5.100072128041116e-08,5.100072128041116e-08,1.4643557690346845e-05,5164,-0.20148526435320194,1.029537691380039,0.045200003213170505,0.8659894303762649,-0.40620721134442034,0.09815118657802406,-0.1207567742100918,Large (50k-150k sqft),-0.1946386485958723,-0.17995633435310515,201,ELECTRICITY
155,-7.793663891857889e-07,7.793663891857889e-07,6.6335557766152974e-06,5164,-0.1596350171035265,1.1809737468727113,0.9218249629106468,0.6515984771215139,-1.2080708082967782,0.1640676482079775,-0.08446547521189383,Small (<10k sqft),-0.4198558295698112,-0.18078786992554,202,ELECTRICITY
165,-7.329349510766427e-07,7.329349510766427e-07,5.702407098673711e-06,5164,-0.16230286273471053,1.0120301688328048,-0.05614660937153441,0.8711815994742257,-0.38678749551374086,0.05261828023375905,-0.14582560038090936,Large (50k-150k sqft),-0.15056212449494877,-0.18173583852884695,203,ELECTRICITY
337,-9.890629586846979e-07,9.890629586846979e-07,3.1537639661532657e-06,5164,-0.14758632553604017,0.9644078991460403,-0.33181986372992156,0.9342691396918376,-0.15082790321853873,0.047585986867564545,-0.1485962051537272,Medium (10k-50k sqft),-0.1547766657232311,-0.18631138168204786,204,ELECTRICITY
302,-1.4669102760378487e-06,1.4669102760378487e-06,9.463672283160718e-06,5164,-0.12013029725242616,0.9167499305413932,-0.6076997700797928,0.9761962887388728,0.005987736781271932,0.08334856994508993,-0.1289065773533084,Large (50k-150k sqft),-0.1031219467085916,-0.19118577444471704,205,ELECTRICITY
1054,-2.3191709030682816e-07,2.3191709030682816e-07,4.410901555042162e-06,5164,-0.1910902181437303,0.9809549983263945,-0.23603289869773958,0.9245629139322693,-0.18713106332040538,0.05126139047317361,-0.14657265643931014,Medium (10k-50k sqft),-0.18319150236028253,-0.191424481666687,206,ELECTRICITY
340,-7.215159265951673e-07,7.215159265951673e-07,6.422506245365839e-06,5164,-0.1629589741070026,0.9668788764075447,-0.3175160023725155,0.9661128612477942,-0.03172623069195864,0.04355421417138348,-0.15081595822893457,Very Large (>150k sqft),-0.36023410286864366,-0.19539364800963233,207,ELECTRICITY
37,-1.167790176732574e-06,1.167790176732574e-06,7.594401806948415e-06,5164,-0.1373170630005606,0.9900382755477389,-0.1834521080651724,0.8607152572294332,-0.42593363816543756,0.10320282101697877,-0.11797552091887464,Large (50k-150k sqft),-0.12245544499923927,-0.19913691303400727,208,ELECTRICITY
157,3.852764608428223e-07,3.852764608428223e-07,1.7975033426694555e-05,5164,-0.18227853486733,0.8997178266599481,-0.7062943044531307,1.0338363694117034,0.22157277763894082,0.04567609018723285,-0.14964772748620153,Large (50k-150k sqft),-0.1730328806971422,-0.20002995705053855,209,ELECTRICITY
386,-1.1469336167244395e-06,1.1469336167244395e-06,5.131692646466927e-06,5164,-0.13851543386231227,0.9864893382269116,-0.20399600711033491,0.8713139798403625,-0.38629236736143396,0.051063202854416595,-0.14668177161254908,Large (50k-150k sqft),-0.12380349973779609,-0.20018509575559923,210,ELECTRICITY
133,1.0312543369326192e-06,1.0312543369326192e-06,1.3867526500545724e-05,5164,-0.14516210417404501,0.968391884337064,-0.30875758278134324,0.956519949322444,-0.06760557515556646,0.05890290403589076,-0.14236550625791547,Small (<10k sqft),-0.40181649237626915,-0.20044856263472316,211,ELECTRICITY
191,5.311158800213433e-07,5.311158800213433e-07,1.2205523172196624e-05,5164,-0.1738989310222967,1.108615439872921,0.5029610552956074,0.6953643056953288,-1.0443781515357502,0.12050325370471597,-0.10845050759225573,Medium (10k-50k sqft),-0.17196290680582788,-0.20251511071443012,212,ELECTRICITY
148,4.868639795667982e-07,4.868639795667982e-07,5.735058579656757e-06,5164,-0.17644154533938355,1.0073158621424143,-0.08343653645673313,0.9583626171705338,-0.06071364130189282,0.02769964075906098,-0.1595449319931151,Very Large (>150k sqft),-0.6457507906396831,-0.20255685754845998,213,ELECTRICITY
881,-9.06117970023827e-08,9.06117970023827e-08,5.130234196252083e-06,5164,-0.19920930135022652,1.0721098959412587,0.29163970996793237,0.7710105969682358,-0.7614464032724649,0.061882130875424796,-0.14072524812901352,Large (50k-150k sqft),-0.19207840384287803,-0.2036446768617582,214,ELECTRICITY
381,-8.775482108582375e-07,8.775482108582375e-07,8.24440984566422e-06,5164,-0.15399371124100292,1.078742591134743,0.33003470208363206,0.7227741910104416,-0.9418598834038328,0.11519140830740704,-0.11137502393884224,Large (50k-150k sqft),-0.14121510897413939,-0.20645166957328825,215,ELECTRICITY
274,-1.092226788655507e-06,1.092226788655507e-06,5.58229965648958e-06,5164,-0.14165876472181643,0.9791723161236598,-0.2463523943359585,0.8755230549433042,-0.37054961305837836,0.05720810686201784,-0.143298602323108,Large (50k-150k sqft),-0.12733945191691737,-0.2064737390314161,216,ELECTRICITY
67,-7.485327037697743e-07,7.485327037697743e-07,9.725507703202324e-06,5164,-0.16140665107137928,0.9783113104445588,-0.2513365380808925,0.8742314804174718,-0.3753803513861536,0.1339174710256874,-0.10106510856469383,Large (50k-150k sqft),-0.1495539704934925,-0.21135823507355098,217,ELECTRICITY
339,-9.454409995831889e-07,9.454409995831889e-07,3.295115169629158e-06,5164,-0.1500927448448516,0.9889890940439486,-0.1895255539858502,0.8506206687057537,-0.46368935005750295,0.051137272264705186,-0.1466409915850881,Large (50k-150k sqft),-0.13682688792911513,-0.21819098618925659,218,ELECTRICITY
932,-5.495330218362913e-07,5.495330218362913e-07,5.546891570533964e-06,5164,-0.1728407236238008,1.0907912974413951,0.39978161041476407,0.6956242536151764,-1.0434058960797021,0.12888395891979706,-0.10383638433297485,Large (50k-150k sqft),-0.16241622889550614,-0.22051496620439998,219,ELECTRICITY
306,-3.7899144645205295e-07,3.7899144645205295e-07,1.21432749606055e-05,5164,-0.18263965760802411,0.9469239450593621,-0.43303004446741755,0.9247948678519223,-0.18626351083502057,0.06393494782864384,-0.13959503889150812,Large (50k-150k sqft),-0.17343910988489272,-0.225605730659355,220,ELECTRICITY
294,-9.193996650563243e-07,9.193996650563243e-07,4.835451349504155e-06,5164,-0.15158902114765282,1.0007939411087683,-0.12119028502519547,0.8218779532682902,-0.5711926604209584,0.05390249757171258,-0.14511855521741165,Large (50k-150k sqft),-0.1385100583269943,-0.22649758746518753,221,ELECTRICITY
70,2.6257839747580956e-07,2.6257839747580956e-07,4.726078695236854e-06,5164,-0.1893284886408691,1.0120494240009805,-0.05603514608116364,0.9720359311764711,-0.009572804505333803,0.0176106132619837,-0.1650995977692145,Very Large (>150k sqft),-0.9186540302010263,-0.23248318090509634,222,ELECTRICITY
187,-8.046199136394913e-07,8.046199136394913e-07,4.067613787277252e-06,5164,-0.1581840065893263,0.9913167472741246,-0.17605135913539466,0.8306925460953218,-0.53822437979787,0.08722630853267452,-0.12677163007247724,Medium (10k-50k sqft),-0.16169860667633718,-0.233580885275773,223,ELECTRICITY
338,-1.2698152726339972e-06,1.2698152726339972e-06,7.907946841861144e-06,5164,-0.13145493127567387,0.9168589685060458,-0.6070685769266294,0.9299743569240909,-0.16689122075126214,0.10172509370135,-0.11878910590998584,Medium (10k-50k sqft),-0.1442403457490697,-0.23368285666713878,224,ELECTRICITY
309,-1.322536918530015e-06,1.322536918530015e-06,6.308093836987821e-06,5164,-0.12842566450297804,0.9619805498715043,-0.3458711737236952,0.851893567876329,-0.4589284611674651,0.0654645538573959,-0.1387528912948953,Large (50k-150k sqft),-0.11245345624966091,-0.2371685784608089,225,ELECTRICITY
160,-7.806708679669344e-07,7.806708679669344e-07,9.078047671180448e-06,5164,-0.15956006469716189,1.1070934367845646,0.49415056500880455,0.6374433070563492,-1.2610138798751669,0.1397363250040352,-0.09786145102098985,Large (50k-150k sqft),-0.14747673414590687,-0.23804141015745553,226,ELECTRICITY
355,-6.039286552677163e-07,6.039286552677163e-07,7.4483511793311405e-06,5164,-0.16971527330575586,0.9417426143516788,-0.4630234552705792,0.8769667974269961,-0.3651497371612339,0.21651931175531117,-0.05558742324006028,Large (50k-150k sqft),-0.15890039064723166,-0.24872239256118317,227,ELECTRICITY
987,-2.6440288890370004e-07,2.6440288890370004e-07,3.174022437179735e-06,5164,-0.1892236574815673,1.0060476369705122,-0.09077797067851767,0.7913283691874907,-0.68545400869399,0.18020783962303044,-0.07557925016207015,Medium (10k-50k sqft),-0.18197234671444656,-0.2506462326504492,228,ELECTRICITY
875,-2.0258580860132375e-07,2.0258580860132375e-07,8.304002471413867e-07,5164,-0.19277552738552273,1.0370590566816245,0.08873928144464463,0.9165656804732248,-0.2170422619497488,0.07817306323863504,-0.13175603038380576,Very Large (>150k sqft),-0.9916510177955167,-0.252004311543576,229,ELECTRICITY
281,-3.473720777874856e-07,3.473720777874856e-07,8.440520994654633e-06,5164,-0.18445643516193633,1.0132039106166935,-0.049352115546076845,0.7792826141862361,-0.7305074602817324,0.12193818254751744,-0.10766048594383064,Large (50k-150k sqft),-0.17548281410753633,-0.2537803407218478,230,ELECTRICITY
299,-5.361745555367533e-10,5.361745555367533e-10,1.98941672736169e-05,5164,-0.20438484330212783,0.9712075147648206,-0.2924586115606188,1.0688309044879611,0.3524591016368571,0.0779026213216652,-0.1319049262472624,Very Large (>150k sqft),-1.237498295044528,-0.2547258381691592,231,ELECTRICITY
277,-3.2825471250770825e-07,3.2825471250770825e-07,7.480180781231666e-06,5164,-0.1855548758202143,0.9774242031489349,-0.25647177747116623,0.975854239948178,0.0047084082019834056,0.03597816839672074,-0.15498706413531382,Very Large (>150k sqft),-0.8387412735826122,-0.2550783872575898,232,ELECTRICITY
353,-3.480169047971422e-07,3.480169047971422e-07,5.806344716100111e-06,5164,-0.18441938485743065,1.0100255387240504,-0.06775090520833535,0.9160722136756148,-0.21888792313694452,0.03028194296151339,-0.15812320669088317,Very Large (>150k sqft),-0.814695295029997,-0.2585763563844172,233,ELECTRICITY
72,-3.4506358779248994e-07,3.4506358779248994e-07,1.1190718812174618e-05,5164,-0.1845890757864482,0.935534703128107,-0.4989594806013001,0.8981929150893592,-0.2857599550846937,0.055765689142221686,-0.1440927470853571,Large (50k-150k sqft),-0.1756320223602612,-0.26027932528997594,234,ELECTRICITY
1044,3.2612664936405734e-07,3.2612664936405734e-07,4.0848607872463105e-05,3008,-0.18567714952509776,0.9946321873590048,-0.15685911643379974,0.7592416139378659,-0.8054646742019755,0.48181320150721163,0.09047411643163449,Large (50k-150k sqft),-0.176856003187984,-0.26112518599813683,235,ELECTRICITY
1043,-7.341774705227253e-07,7.341774705227253e-07,1.2220944851798474e-05,5164,-0.1622314703718873,0.9939193600831957,-0.1609854929423167,0.8259145345939979,-0.5560950661797659,0.06910847777921224,-0.13674667419368441,Very Large (>150k sqft),-0.34482795717053527,-0.26432174764061567,236,ELECTRICITY
180,-5.204857850126197e-07,5.204857850126197e-07,3.8514563318586965e-05,5164,-0.17450971228781406,0.8376778701709324,-1.0654278950625888,1.0268094072656573,0.19529058122843648,0.10071480168002257,-0.11934533737197359,Large (50k-150k sqft),-0.16429368448870368,-0.2689262297322763,237,ELECTRICITY
303,-9.625219311426085e-07,9.625219311426085e-07,1.1332163024954855e-05,5164,-0.14911131307161576,1.0811136266161134,0.34376002579558124,0.6188616139983151,-1.330513002887484,0.1551988115977396,-0.08934834654978813,Large (50k-150k sqft),-0.13572286930290545,-0.2758446717177694,238,ELECTRICITY
24,-5.057035034217948e-07,5.057035034217948e-07,4.291275283660212e-06,5164,-0.17535906882224467,1.0106593392525043,-0.06408199451923606,0.8492456964560189,-0.46883201198956653,0.035082943990775474,-0.15547994339162208,Very Large (>150k sqft),-0.6228274843625279,-0.2759366361115564,239,ELECTRICITY
959,-1.3667379885818283e-06,1.3667379885818283e-06,2.294049912340557e-05,5164,-0.1258859707861005,0.8061834768351784,-1.2477409591399067,1.0845373297918732,0.4112041675935027,0.12210854773038779,-0.1075666888309768,Small (<10k sqft),-0.37779032213209535,-0.27787670118957175,240,ELECTRICITY
251,1.735381602055158e-07,1.735381602055158e-07,1.0299112270076097e-05,5164,-0.19444453969754197,1.0405421172871165,0.10890183687426032,0.7094219860479164,-0.9917997103226177,0.13400757318478201,-0.10101550146632676,Large (50k-150k sqft),-0.186718494211392,-0.2780730359505919,241,ELECTRICITY
252,-1.0765908351462238e-06,1.0765908351462238e-06,1.4535710877889424e-05,5164,-0.1425571713178189,0.8217363742144075,-1.1577091764585004,1.0140265223229041,0.1474801212066257,0.12591192478819144,-0.10547268240838514,Large (50k-150k sqft),-0.128350075011609,-0.2798863760587197,242,ELECTRICITY
880,-5.768301755260063e-07,5.768301755260063e-07,7.2734596628689875e-06,5164,-0.17127229078647027,0.9876599926659247,-0.19721938514219875,0.8581249328504355,-0.4356219519318697,0.05479264694910574,-0.14462847009437532,Very Large (>150k sqft),-0.5362829144642177,-0.2800866623345437,243,ELECTRICITY
144,-6.5940489953760604e-06,6.5940489953760604e-06,1.6294036418936443e-05,5164,0.1744635208564793,0.7132347953372207,-1.785797328258841,0.9747712708526661,0.0006578944973145645,0.1274608665704844,-0.10461988922194913,Large (50k-150k sqft),0.22826844763957857,-0.2861415467327172,244,ELECTRICITY
25,-4.545898930461735e-07,4.545898930461735e-07,3.924877527610852e-06,5164,-0.1782959415035106,0.9818205156796576,-0.2310226380140917,0.7789951643508195,-0.7315825782168471,0.0764640064431657,-0.13269697729806026,Large (50k-150k sqft),-0.16855283697512283,-0.2911972978382184,245,ELECTRICITY
375,-5.2294624083549774e-08,5.2294624083549774e-08,6.296598862999096e-06,5164,-0.20141091961866203,1.0108178912289427,-0.06316417729596571,0.945812546883785,-0.10765332951802468,0.04047589743159831,-0.1525107717922272,Very Large (>150k sqft),-1.1745203344499109,-0.2936414431847174,246,ELECTRICITY
372,1.48732794737011e-07,1.48732794737011e-07,5.64233504684651e-06,5164,-0.19586980000801332,1.0036836012642574,-0.10446277446568017,0.9298203848549177,-0.16746710604559512,0.028928026565733664,-0.15886862571858587,Very Large (>150k sqft),-1.0571775746374572,-0.29555384615806546,247,ELECTRICITY
65,-4.2232146478627623e-07,4.2232146478627623e-07,2.7972764716633223e-06,5164,-0.18015001255674776,1.0262816678205064,0.026351707723941385,0.8145297385810671,-0.5986764034186085,0.051507038679667355,-0.14643741112592723,Very Large (>150k sqft),-0.7242839768071947,-0.29911815109592604,248,ELECTRICITY
279,1.1612737466994608e-07,1.1612737466994608e-07,9.956437791677321e-06,5156,-0.1977432338498504,0.9660396211779971,-0.32237423827534906,0.9880148787129401,0.05019154726692135,0.05703067947123549,-0.14339628764070744,Very Large (>150k sqft),-1.0968507657565842,-0.2997965663662344,249,ELECTRICITY
276,-1.5752933940231973e-08,1.5752933940231973e-08,6.001050254951076e-06,5164,-0.20351052265434155,0.9983349639113517,-0.1354246810517524,0.9518442982975894,-0.08509341357395725,0.03316073561459199,-0.15653824411335282,Very Large (>150k sqft),-1.218983048130332,-0.31148496955799715,250,ELECTRICITY
356,-3.602014077011075e-07,3.602014077011075e-07,1.821491838235753e-05,5164,-0.18371929082277938,0.9490393652434992,-0.42078441295232455,0.7931995424034,-0.6784554592559127,0.08680204367683396,-0.12700521546764262,Large (50k-150k sqft),-0.17465359591547489,-0.3202125833959489,251,ELECTRICITY
290,2.103818450839067e-07,2.103818450839067e-07,3.3778027445734515e-05,5164,-0.1923275847260316,1.0835700402225024,0.3579795818431516,0.5599514918566292,-1.5508482442784972,0.16146676467344284,-0.08589743074587225,Medium (10k-50k sqft),-0.18399969599971844,-0.33675657691671723,252,ELECTRICITY
88,-4.556350656771114e-07,4.556350656771114e-07,2.3669635450122373e-06,5164,-0.17823588824324488,0.9074338707792801,-0.661628079866605,0.9357755269061279,-0.14519372392264954,0.06829107741753303,-0.13719670625234479,Very Large (>150k sqft),-0.6837490948062895,-0.33797699738961956,253,ELECTRICITY
382,-6.64156875394187e-07,6.64156875394187e-07,3.276493501922886e-06,5164,-0.16625469572121748,0.9462672865124326,-0.4368312744345099,0.7596612254152333,-0.803895246185279,0.08047361275960613,-0.13048942825648854,Medium (10k-50k sqft),-0.16697002722022153,-0.3426406311618296,254,ELECTRICITY
280,-8.315306223908146e-07,8.315306223908146e-07,3.4151772432623673e-06,5164,-0.15663777800589287,0.9134853637096111,-0.6265975204076808,0.7823721235310939,-0.7189520982737944,0.08918927175809514,-0.12569089115575366,Large (50k-150k sqft),-0.14418943590850783,-0.3565833061977022,255,ELECTRICITY
154,-8.75441734710141e-07,8.75441734710141e-07,7.039735322749975e-06,5164,-0.15411474460584687,0.8853884636754122,-0.7892433564998351,0.8443610440898043,-0.4871015558148627,0.31595016748269944,-0.0008442706857431333,Small (<10k sqft),-0.41297524806758784,-0.3635763336576933,256,ELECTRICITY
231,-1.0595602012875278e-06,1.0595602012875278e-06,5.419371577961563e-05,5164,-0.14353571309870045,0.8339069956700665,-1.087256532216346,0.862997369524127,-0.41739809715733395,0.48487065847221616,0.09215744533229686,Small (<10k sqft),-0.3997893249940247,-0.39013642175360536,257,ELECTRICITY
1004,-3.016830959775628e-07,3.016830959775628e-07,2.1638384570580627e-05,5164,-0.18708162092999975,1.0043278495386987,-0.10073338442194243,0.5679332589744461,-1.5209948927542678,0.13748281851535413,-0.09910215289959222,Large (50k-150k sqft),-0.1784359016926741,-0.4221008499030819,258,ELECTRICITY
46,-2.945332607039701e-07,2.945332607039701e-07,9.537541308381174e-06,5164,-0.18749243432659324,0.9822729094348244,-0.22840384517707352,0.5966947026172807,-1.4134215352834352,0.12070789558887819,-0.10833783892615868,Large (50k-150k sqft),-0.1788980282042708,-0.4276981864596442,259,ELECTRICITY
1316,-4.409042713472381e-06,4.409042713472381e-06,9.465036301701285e-05,5164,0.048917991778024215,1.1104633993398096,0.5136584244783522,0.05800978146186661,-3.4282072430945707,2.019340607926472,0.9369829466163146,Small (<10k sqft),-0.1599110576864321,-0.4516735828503541,260,ELECTRICITY
52,-1.7339095327899653e-06,1.7339095327899653e-06,1.3115629264170428e-05,5164,-0.10478912261594225,0.9064635481984123,-0.6672450314609885,0.6163918485494919,-1.3397504029566407,0.17786104878321157,-0.07687131114271291,Large (50k-150k sqft),-0.08586456518855873,-0.4572462051179993,261,ELECTRICITY
311,-1.960733919796076e-06,1.960733919796076e-06,3.483108321659397e-05,5164,-0.09175630531448896,0.5055838497643963,-2.987836044875625,1.117746250609728,0.5354119491889742,0.29790552319112634,-0.010779020900005631,Large (50k-150k sqft),-0.07120386900450087,-0.5303091442173529,262,ELECTRICITY
158,7.500948022320488e-06,7.500948022320488e-06,0.00016800967188941533,5164,0.22657189194055533,0.8570752714464073,-0.9531412533112016,0.34915824428365244,-2.339255726712182,0.6919772890608846,0.20618311463168235,Small (<10k sqft),0.061520427764684846,-0.5503522970630551,263,ELECTRICITY
